timestamp_utc,okx_symbol,company,inst_id,price,market_cap,trailing_pe,forward_pe,eps_growth_1y,peg_1y,fcf_yield,revenue_growth_0y,revenue_growth_1y,funding_annualized,short_score,short_signal,long_score,long_signal
2026-09-29 16:09 UTC,DKNG,DraftKings Inc.,DKNG-USDT-SWAP,20.415,10135109632.0,,12.047234,0.8844,0.13621928991406604,0.04555892859235723,0.1046,0.133,0.0,0,—,95,CORE
2026-09-29 16:09 UTC,ON,ON Semiconductor Corporation,ON-USDT-SWAP,76.13,29638825984.0,50.417217,16.810192,0.4145,0.40555348612786496,0.055894588567519964,0.0942,0.1305,0.0,5,—,95,CORE
2026-09-29 16:09 UTC,SKHY,SK hynix,SKHY-USDT-SWAP,1765000.0,1252893902503936.0,,3.7340474,0.33400002,0.11179781965282518,0.044511430067981195,2.5670998,0.5413,0.0,10,—,90,CORE
2026-09-29 16:09 UTC,OKTA,"Okta, Inc.",OKTA-USDT-SWAP,202.515,35403862016.0,121.26647,46.252354,0.1144,4.043037937062937,0.029308243929181174,0.104499996,0.100200005,-0.046770961622076,90,CORE,8,—
2026-09-29 16:09 UTC,POPMART,POP MART,POPMART-USDT-SWAP,154.6,204401999872.0,13.316108,12.567657,0.21540001,0.5834566581496445,0.029317329124727832,-0.0466,0.1723,0.0,0,—,85,CORE
2026-09-29 16:09 UTC,TWLO,Twilio Inc.,TWLO-USDT-SWAP,285.5,43845726208.0,39.488243,42.04323,0.1453,2.8935464556090844,0.021773510774370796,0.1841,0.114700004,0.0,85,CORE,0,—
2026-09-29 16:09 UTC,APP,Applovin Corporation,APP-USDT-SWAP,307.48,103294689280.0,23.634129,14.655312,0.2769,0.5292637053087758,0.03078528282688494,0.4783,0.2665,0.0,10,—,83,CORE
2026-09-29 16:09 UTC,HPE,Hewlett Packard Enterprise Comp,HPE-USDT-SWAP,61.42,81532887040.0,31.659792,13.359609,0.2024,0.6600597332015811,0.058119185963269426,0.35529998,0.1708,0.0,10,—,82,CORE
2026-09-29 16:09 UTC,TSM,Taiwan Semiconductor Manufactur,TSM-USDT-SWAP,457.17,2371100344320.0,33.990337,20.851444,0.2947,0.7075481506616899,0.30822230550921337,0.42880002,0.3455,0.0,10,—,82,CORE
2026-09-29 16:09 UTC,BSP,Bending Spoons S.p.A.,BSP-USDT-SWAP,32.4108,20587966464.0,75.373955,16.886341,0.4034,0.4186004214179475,,,0.45560002,0.0,15,—,80,WATCH
2026-09-29 16:09 UTC,COIN,"Coinbase Global, Inc.",COIN-USDT-SWAP,189.8144,50080051200.0,,66.948975,2.3991,0.2790587095160686,0.053283748719490126,-0.2568,0.29540002,0.0,15,—,80,WATCH
2026-09-29 16:09 UTC,CRWD,"CrowdStrike Holdings, Inc.",CRWD-USDT-SWAP,260.0,266223058944.0,8666.667,161.90198,0.2785,5.813356552962298,0.007495163942277927,0.2482,0.2259,0.0,80,—,25,—
2026-09-29 16:09 UTC,TTWO,"Take-Two Interactive Software, ",TTWO-USDT-SWAP,202.99,37955162112.0,,19.722761,1.8697,0.10548623308552173,0.03309529987761155,0.26520002,0.0883,0.0,10,—,78,CORE
2026-09-29 16:09 UTC,AMAT,"Applied Materials, Inc.",AMAT-USDT-SWAP,502.74,398973173760.0,43.41451,27.234741,0.4434,0.614225101488498,0.0077082252799532186,0.2074,0.348,0.0,15,—,77,WATCH
2026-09-29 16:09 UTC,BX,Blackstone Inc.,BX-USDT-SWAP,113.775,135995006976.0,25.453022,15.200604,0.2441,0.6227203605079885,,0.1494,0.239,0.0,0,—,77,WATCH
2026-09-29 16:09 UTC,AVGO,Broadcom Inc.,AVGO-USDT-SWAP,357.8,1708004737024.0,46.108246,18.458609,0.6624,0.2786625754830918,0.017913591685530597,0.65870005,0.6373,0.000232031605074,35,—,75,WATCH
2026-09-29 16:09 UTC,HIMS,"Hims & Hers Health, Inc.",HIMS-USDT-SWAP,28.705,6697261568.0,,38.934704,1.748,0.22273858123569795,0.1268335183530344,0.36650002,0.2459,0.0,10,—,75,WATCH
2026-09-29 16:09 UTC,LGELECTRONICS,LGELECTRONICS,LGELECTRONICS-USDT-SWAP,213500.0,38303579504640.0,,12.736898,0.22309999,0.5709053595206346,0.03172899772619887,0.4138,0.4058,0.0,10,—,75,CORE
2026-09-29 16:09 UTC,MU,"Micron Technology, Inc.",MU-USDT-SWAP,1071.3583,1210071384064.0,24.202282,6.6345763,1.1855999,0.05595965637311542,0.006313263726924023,2.4814,0.92050004,0.030809923488222,20,—,75,WATCH
2026-09-29 16:09 UTC,NVDA,NVIDIA Corporation,NVDA-USDT-SWAP,230.37,5562743914496.0,29.08712,14.689501,0.685,0.2144452700729927,0.007516052435030724,0.90589994,0.6589,0.0963437786291565,20,—,75,WATCH
2026-09-29 16:09 UTC,RDDT,"Reddit, Inc.",RDDT-USDT-SWAP,142.61,27419387904.0,33.066124,14.71124,0.3142,0.4682126034373011,0.024729535844273235,0.5375,0.3181,0.0,20,—,75,WATCH
2026-09-29 16:09 UTC,SNDK,Sandisk Corporation,SNDK-USDT-SWAP,1714.3131,250962182144.0,23.215494,6.5051007,0.2318,0.2806341975841242,0.030765093537359452,1.4175999,0.18280001,0.1432228700823315,10,—,75,CORE
2026-09-29 16:09 UTC,VRT,"Vertiv Holdings, LLC",VRT-USDT-SWAP,248.98,95854354432.0,56.203163,27.293375,0.36049998,0.7570978228625699,0.028131612966137597,0.3704,0.301,0.298224261874389,25,—,75,CORE
2026-09-29 16:09 UTC,WDC,Western Digital Corporation,WDC-USDT-SWAP,451.705,162858139648.0,16.91779,14.2271385,0.5803,0.245168679993107,0.013930836278147684,0.48560002,0.3677,0.065836430329479,20,—,75,WATCH
2026-09-29 16:09 UTC,ZHONGJI,ZHONGJI INNOLIGHT,ZHONGJI-USDT-SWAP,813.01,951006003200.0,44.32988,12.226496,1.2207,0.10015971164086179,0.00031020964221816595,1.8798,0.9946,0.22028712032730147,35,—,75,WATCH
2026-09-29 16:09 UTC,ISRG,"Intuitive Surgical, Inc.",ISRG-USDT-SWAP,408.49,146352996352.0,46.898964,33.78304,0.121700004,2.7759275998051733,0.01786912509607981,0.1681,0.1279,0.0,75,—,5,—
2026-09-29 16:09 UTC,AMD,"Advanced Micro Devices, Inc.",AMD-USDT-SWAP,613.655,1001776480256.0,157.75194,39.39168,1.0562999,0.37292136447234353,0.008825820751691625,0.4687,0.7317,0.0,15,—,70,WATCH
2026-09-29 16:09 UTC,HOOD,"Robinhood Markets, Inc.",HOOD-USDT-SWAP,115.55,103888961536.0,51.12832,33.471603,0.3414,0.9804218804920914,,0.1691,0.2791,0.06458380966325851,5,—,70,WATCH
2026-09-29 16:09 UTC,MRVL,"Marvell Technology, Inc.",MRVL-USDT-SWAP,263.38,236619956224.0,87.18212,38.89569,0.6074,0.6403636812644057,0.010176867405555522,0.4706,0.5126,0.0,15,—,70,WATCH
2026-09-29 16:09 UTC,ORCL,Oracle Corporation,ORCL-USDT-SWAP,139.62,423258161152.0,21.884012,12.69597,0.3508,0.3619147662485747,-0.10833489008976982,0.3432,0.45290002,0.276662388121443,0,—,70,WATCH
2026-09-29 16:09 UTC,TSEM,Tower Semiconductor Ltd.,TSEM-USDT-SWAP,235.835,26656722944.0,93.215416,35.506466,0.72410005,0.4903530389205194,0.006257886700868733,0.26139998,0.37919998,0.0,15,—,70,WATCH
2026-09-29 16:09 UTC,XIAOMI,XIAOMI-W,XIAOMI-USDT-SWAP,25.2,648134197248.0,17.746479,16.287033,0.3968,0.41045950100806455,-0.013393388672991806,-0.0435,0.24340001,0.0,0,—,70,WATCH
2026-09-29 16:09 UTC,CIEN,Ciena Corporation,CIEN-USDT-SWAP,347.965,49344405504.0,78.01906,29.500835,0.7647,0.38578311756244277,0.012835667539831994,0.3466,0.3069,0.0,35,—,67,WATCH
2026-09-29 16:09 UTC,CRDO,Credo Technology Group Holding ,CRDO-USDT-SWAP,195.86,36812263424.0,69.20848,20.18162,0.5392,0.37428820474777447,0.006744787114560446,0.8736,0.5496,0.0,35,—,67,WATCH
2026-09-29 16:09 UTC,LITE,Lumentum Holdings Inc.,LITE-USDT-SWAP,979.62,87871913984.0,,28.219282,0.5957,0.47371633372502936,0.0025571310537393565,1.1005,0.52169997,0.0,20,—,67,WATCH
2026-09-29 16:09 UTC,LLY,Eli Lilly and Company,LLY-USDT-SWAP,1175.37,1048126029824.0,39.52152,24.825987,0.2864,0.866829155027933,0.010557795262329446,0.35720003,0.1538,0.0,20,—,67,WATCH
2026-09-29 16:09 UTC,ADBE,Adobe Inc.,ADBE-USDT-SWAP,230.87,91774803968.0,12.898325,8.343066,0.1304,0.6398056748466259,0.10182669939843679,0.1195,0.091800004,0.239252315185731,30,—,65,WATCH
2026-09-29 16:09 UTC,HANMI,HANMISemi,HANMI-USDT-SWAP,252000.0,23902956814336.0,,50.407314,0.56380004,0.8940636825779581,0.0027687059954150874,0.2846,0.5573,0.0,25,—,65,WATCH
2026-09-29 16:09 UTC,SNOW,Snowflake Inc.,SNOW-USDT-SWAP,327.695,115610796032.0,,108.72212,0.3621,3.002544048605358,0.015046403240044425,0.3483,0.2847,0.0,65,—,25,—
2026-09-29 16:09 UTC,BB,BlackBerry Limited,BB-USDT-SWAP,8.625,5063153152.0,66.34615,36.591576,0.1458,2.5097102880658437,0.027344620208715347,0.14039999,0.099,0.0,65,—,13,—
2026-09-29 16:09 UTC,RKLB,Rocket Lab Corporation,RKLB-USDT-SWAP,70.57,45132824576.0,,1549.2758,0.6811,22.746671560710613,-0.005582713565283595,0.5924,0.42180002,0.0920168625695745,65,—,10,—
2026-09-29 16:09 UTC,USAR,"USA Rare Earth, Inc.",USAR-USDT-SWAP,14.025,5264883200.0,,467.5,1.0526,4.441383241497245,-0.05393405726455622,43.7519,8.7013,0.250100124888015,65,—,10,—
2026-09-29 16:09 UTC,AAOI,"Applied Optoelectronics, Inc.",AAOI-USDT-SWAP,102.75,8724121600.0,,22.327248,5.7676,0.038711505652264375,-0.10167787115667898,1.2787,1.5647999,0.0,0,—,62,WATCH
2026-09-29 16:09 UTC,ASML,ASML Holding N.V. - New York Re,ASML-USDT-SWAP,1823.28,700321890304.0,63.15483,30.983265,0.3496,0.8862489988558352,0.012048281118754296,0.31219998,0.2734,0.0,35,—,60,WATCH
2026-09-29 16:09 UTC,CBRS,Cerebras Systems Inc.,CBRS-USDT-SWAP,210.27,49952591872.0,,165.08856,3.7132,0.44459915975438974,,,2.3273,0.0,25,—,60,WATCH
2026-09-29 16:09 UTC,GLW,Corning Incorporated,GLW-USDT-SWAP,157.59,135746183168.0,72.622116,36.10946,0.33009997,1.0938946768156326,0.005410833298281249,0.1736,0.1918,0.0,15,—,60,WATCH
2026-09-29 16:09 UTC,SPCX,Space Exploration Technologies ,SPCX-USDT-SWAP,148.825,1961778348032.0,,85.377045,50.973198,0.016749399360817034,,,1.5072999,0.20272480330726347,25,—,60,WATCH
2026-09-29 16:09 UTC,UNH,UnitedHealth Group Incorporated,UNH-USDT-SWAP,372.52,334372012032.0,23.925497,16.475758,0.1381,1.1930309920347573,0.07259055784153699,-0.0011,0.0291,0.0,10,—,60,WATCH
2026-09-29 16:09 UTC,ALAB,"Astera Labs, Inc.",ALAB-USDT-SWAP,365.44,63398395904.0,179.13725,57.158234,0.5856,0.9760627390710382,0.001449770561059273,1.2387,0.55759996,0.0,60,—,55,WATCH
2026-09-29 16:09 UTC,BE,Bloom Energy Corporation,BE-USDT-SWAP,296.5201,87333281792.0,380.154,60.161808,0.8215,0.7323409373097991,0.0060874559284991815,1.0335,0.65,0.0,60,—,55,WATCH
2026-09-29 16:09 UTC,ARM,Arm Holdings plc,ARM-USDT-SWAP,297.8501,318103486464.0,300.85867,97.5036,0.3741,2.60635124298316,0.004195175547536875,0.2289,0.36220002,0.007829463468607498,60,—,35,—
2026-09-29 16:09 UTC,PLTR,Palantir Technologies Inc.,PLTR-USDT-SWAP,186.155,447341330432.0,157.75848,80.13595,0.4437,1.8060840658102322,0.004826525887771069,0.82949996,0.4972,0.0,60,—,33,—
2026-09-29 16:09 UTC,DELL,Dell Technologies Inc.,DELL-USDT-SWAP,544.4016,346137493504.0,31.706558,18.696953,0.0083,22.526449397590362,0.017430574107772226,0.7044,0.1575,0.0,60,—,25,—
2026-09-29 16:09 UTC,TSLA,"Tesla, Inc.",TSLA-USDT-SWAP,354.005,1398159572992.0,330.8458,162.91898,0.2349,6.935673903788847,0.003458832480509484,0.12149999,0.1384,0.296494287477459,60,WATCH,22,—
2026-09-29 16:09 UTC,KO,Coca-Cola Company (The),KO-USDT-SWAP,86.91,373934555136.0,26.0991,24.645672,0.0681,3.61904140969163,0.013956319041180724,0.0345,0.0025,0.0,60,—,7,—
2026-09-29 16:09 UTC,AAPL,Apple Inc.,AAPL-USDT-SWAP,330.985,4830527488000.0,37.91409,34.53082,0.086,4.015211627906977,0.02230023030064579,0.14819999,0.104899995,0.11892136149187199,60,—,5,—
2026-09-29 16:09 UTC,MSFT,Microsoft Corporation,MSFT-USDT-SWAP,508.87,3778637463552.0,28.396763,21.493181,0.1982,1.0844188193743693,0.0043786947860425,0.1784,0.195,0.0,20,—,59,WATCH
2026-09-29 16:09 UTC,NAVER,NAVER,NAVER-USDT-SWAP,194800.0,29181884760064.0,,13.323181,0.13949999,0.955066806814825,0.030917932703878624,0.1435,0.14060001,0.0,30,—,58,WATCH
2026-09-29 16:09 UTC,NOW,"ServiceNow, Inc.",NOW-USDT-SWAP,131.33,135777099776.0,82.08125,26.237087,0.2308,1.1367888648180242,0.037925209659767714,0.2215,0.1876,0.1618292631315765,25,—,57,CORE
2026-09-29 16:09 UTC,CGNX,Cognex Corporation,CGNX-USDT-SWAP,58.78,9888196608.0,56.51923,29.114143,0.19510001,1.4922676323799267,0.019788378382534687,0.1525,0.0968,0.0,55,—,44,—
2026-09-29 16:09 UTC,BMNR,"BitMine Immersion Technologies,",BMNR-USDT-SWAP,26.515,15994547200.0,,28.207447,1.0318,0.27338095561155257,-0.03239205321173456,18.6473,4.2175,0.22694548633247102,20,—,52,—
2026-09-29 16:09 UTC,COHR,Coherent Corp.,COHR-USDT-SWAP,297.2501,58211151872.0,72.14808,21.300142,0.482,0.4419116597510374,-0.011165929741937404,0.4917,0.382,0.107308952950707,35,—,52,—
2026-09-29 16:09 UTC,SMCI,"Super Micro Computer, Inc.",SMCI-USDT-SWAP,41.58,27316621312.0,12.7546015,7.807102,0.22780001,0.3427173686252253,-0.30196940455357,0.71849996,0.1733,0.0,20,—,52,—
2026-09-29 16:09 UTC,GPRO,"GoPro, Inc.",GPRO-USDT-SWAP,1.35,278581088.0,,-135.0,0.9861,-1.369029510191664,0.21220886322333554,-0.1664,0.3548,0.0,0,—,50,—
2026-09-29 16:09 UTC,MSTR,Strategy Inc,MSTR-USDT-SWAP,153.09,61044760576.0,,3.093352,1.5597999,0.019831723287070346,-0.3700157533401872,0.0513,0.0222,0.34927236119692046,20,—,50,—
2026-09-29 16:09 UTC,TER,"Teradyne, Inc.",TER-USDT-SWAP,406.28,63518121984.0,55.351498,34.86643,0.28170002,1.2377148571022465,0.006885928524621286,0.6119,0.2182,0.0,35,—,50,—
2026-09-29 16:09 UTC,NFLX,"Netflix, Inc.",NFLX-USDT-SWAP,70.655,294203129856.0,22.218554,18.532265,0.0629,2.9463060413354527,0.08629259919983222,0.1336,0.1126,0.030015442902195,50,—,35,—
2026-09-29 16:09 UTC,ZM,"Zoom Communications, Inc.",ZM-USDT-SWAP,87.94,25659459584.0,8.391222,13.866376,0.033299997,4.164077252018973,0.07699025435562346,0.046,0.0419,0.0,50,—,30,—
2026-09-29 16:09 UTC,WEN,Wendy's Company (The),WEN-USDT-SWAP,6.5,1239354624.0,9.848484,12.572048,0.0347,3.6230685878962534,0.13986290981071128,0.0088,-0.0047999998,0.0,50,—,20,—
2026-09-29 16:09 UTC,KLAC,KLA Corporation,KLAC-USDT-SWAP,195.05,254541512704.0,53.438354,29.08854,0.2293,1.2685800261665938,0.01031103921760718,0.3339,0.1823,0.0,35,—,49,—
2026-09-29 16:09 UTC,LRCX,Lam Research Corporation,LRCX-USDT-SWAP,322.79,403947290624.0,56.137394,27.495968,0.2399,1.1461428928720299,0.007650712238287217,0.4988,0.184,0.0,35,—,49,—
2026-09-29 16:09 UTC,INTC,Intel Corporation,INTC-USDT-SWAP,116.7297,617045426176.0,,56.607746,0.35639998,1.588320683968613,0.007886575220495943,0.1934,0.1416,0.1453913636776725,45,—,28,—
2026-09-29 16:09 UTC,ROK,"Rockwell Automation, Inc.",ROK-USDT-SWAP,429.12,47749877760.0,40.14219,28.840008,0.1247,2.3127512429831594,0.027306351453997943,0.0855,0.056500003,0.0,45,—,15,—
2026-09-29 16:09 UTC,CRCL,"Circle Internet Group, Inc.",CRCL-USDT-SWAP,84.53,23042379776.0,16.93988,55.30946,0.3086,1.7922702527543746,0.008950003341877044,0.0956,0.24110001,0.41765678362338,25,—,43,—
2026-09-29 16:09 UTC,GME,GameStop Corporation,GME-USDT-SWAP,23.49,11850728448.0,15.453947,12.629032,0.033299997,3.7925024437689894,0.007210527215685298,0.0749,0.1101,0.0,40,—,30,—
2026-09-29 16:09 UTC,META,"Meta Platforms, Inc.",META-USDT-SWAP,718.8216,1831202455552.0,27.07426,20.557402,0.090299994,2.276567371643458,0.0117702032468621,0.2647,0.2056,0.0,40,—,17,—
2026-09-29 16:09 UTC,GOOGL,Alphabet Inc.,GOOGL-USDT-SWAP,338.87,4144357965824.0,17.02009,22.484098,-0.2761,,0.005468881102188682,0.2377,0.2332,0.29443164576040803,40,—,2,—
2026-09-29 16:09 UTC,AMZN,"Amazon.com, Inc.",AMZN-USDT-SWAP,246.42,2658071216128.0,19.82542,23.525536,-0.18450001,,0.0012110755244132566,0.15560001,0.1445,0.1400254637273895,40,—,0,—
2026-09-29 16:09 UTC,CRWV,"CoreWeave, Inc.",CRWV-USDT-SWAP,86.81,47878889472.0,,-47.636814,0.14840001,-3.2100276812649815,-0.1898251092334776,1.5086,1.04,0.0,40,—,0,—
2026-09-29 16:09 UTC,IREN,IREN LIMITED,IREN-USDT-SWAP,41.39,16310087680.0,,-10.392604,-0.16409999,,-0.25869249526928356,2.9729002,1.5885,0.0,40,—,0,—
2026-09-29 16:09 UTC,NBIS,Nebius Group N.V.,NBIS-USDT-SWAP,241.99,65786249216.0,,-69.24664,-1.2349,,-0.14614984867782374,5.295,2.7004,0.0,40,—,0,—
2026-09-29 16:09 UTC,SOFTBANK,SOFTBANK GROUP CORP,SOFTBANK-USDT-SWAP,6035.0,34393003393024.0,6.918571,20.437536,-0.39720002,,-0.06353917032960399,3.1319,0.0717,-1.944489327591051,40,—,0,—
2026-09-29 16:09 UTC,FLNC,"Fluence Energy, Inc.",FLNC-USDT-SWAP,7.855,1529076224.0,,-29.49238,0.7014,-0.42047875677216995,0.0015819191757964317,0.0622,0.36049998,0.0,0,—,35,—
2026-09-29 16:09 UTC,KIOXIA,KIOXIA HOLDINGS CORPORATION,KIOXIA-USDT-SWAP,17880.0,28563568852992.0,17.704723,,0.36810002,,0.030024854772381347,100.5819,0.2999,0.0012256636988955,10,—,33,—
2026-09-29 16:09 UTC,IBM,International Business Machines,IBM-USDT-SWAP,221.803,208968237056.0,19.715822,16.87006,0.068,2.4808911764705877,0.05766306968829367,0.0422,0.038599998,0.0,30,—,30,—
2026-09-29 16:09 UTC,CSCO,"Cisco Systems, Inc.",CSCO-USDT-SWAP,106.3,419096985600.0,31.921923,18.908266,0.0923,2.048566197183099,0.026682665712783403,0.1554,0.066,0.0,30,—,23,—
2026-09-29 16:09 UTC,CRM,"Salesforce, Inc.",CRM-USDT-SWAP,227.95,187602845696.0,20.855442,14.240875,-0.044699997,,0.09451815482977012,0.1148,0.0971,0.0,30,—,20,—
2026-09-29 16:09 UTC,JNJ,Johnson & Johnson,JNJ-USDT-SWAP,266.44,642093350912.0,30.909513,21.9509,0.096099995,2.2841728555761116,0.0262969941925378,0.0746,0.074099995,0.0,30,—,15,—
2026-09-29 16:09 UTC,GEV,GE Vernova Inc.,GEV-USDT-SWAP,955.5,254481743872.0,27.409637,38.028683,-0.1927,,0.061780955571838436,0.2158,0.13949999,0.0,30,—,5,—
2026-09-29 16:09 UTC,XOM,ExxonMobil Holdings Corporation,XOM-USDT-SWAP,161.565,664341053440.0,20.793436,14.513095,-0.0739,,0.03111504319801441,0.2488,-0.0121,0.0,30,—,0,—
2026-09-29 16:09 UTC,QCOM,QUALCOMM Incorporated,QCOM-USDT-SWAP,186.61,199310770176.0,21.302511,18.287909,-0.026700001,,0.051382072524012404,-0.0286,0.0475,0.24700683674034898,10,—,25,—
2026-09-29 16:09 UTC,APLD,Applied Digital Corporation,APLD-USDT-SWAP,25.005,7480750080.0,,-51.71558,0.5556,-0.9308059755219584,-0.6632274393532473,0.35779998,1.3111999,0.0,0,—,20,—
2026-09-29 16:09 UTC,ASTS,"AST SpaceMobile, Inc.",ASTS-USDT-SWAP,60.19,23423989760.0,,-46.68859,0.5177,-0.9018464361599381,-0.07682606637205087,1.3808,2.8543,0.0526909889489355,0,—,20,—
2026-09-29 16:09 UTC,LUNR,"Intuitive Machines, Inc.",LUNR-USDT-SWAP,14.92,2393948416.0,,-96.258064,0.7019,-1.3713928479840434,-0.033415871229866966,3.3676999,0.282,0.0,20,—,10,—
2026-09-29 16:09 UTC,ONDS,Ondas Inc,ONDS-USDT-SWAP,7.5699,4407973376.0,,-378.495,0.90480006,-4.183189377772588,-0.015678218107277424,9.5742,0.8768,0.0,20,—,10,—
2026-09-29 16:09 UTC,RDW,Redwire Corporation,RDW-USDT-SWAP,10.94,2734918912.0,,-32.176468,0.2714,-1.185573618275608,-0.009491460930012392,0.41709998,0.1865,0.0,20,—,10,—
2026-09-29 16:09 UTC,RIVN,"Rivian Automotive, Inc.",RIVN-USDT-SWAP,15.095,21855457280.0,,-8.659561,0.1114,-0.777339407540395,-0.0704343522205178,0.38169998,0.5826,0.0,20,—,0,—
2026-09-29 16:09 UTC,SHAZ,"SharonAI Holdings, Inc.",SHAZ-USDT-SWAP,54.27,1943056128.0,,-6.8393197,0.5156,-0.1326477831652444,-0.11841644957360696,,11.9512,0.0,10,—,15,—
2026-09-29 16:09 UTC,AMC,"AMC Entertainment Holdings, Inc",AMC-USDT-SWAP,3.08,2749222144.0,,-38.5,,,0.051869217011515534,0.1487,0.041100003,0.0,10,—,10,—
2026-09-29 16:09 UTC,BOT,"RoboStrategy, Inc.",BOT-USDT-SWAP,26.9239,655630080.0,,,,,,,,0.0,0,—,0,—
2026-09-29 16:12 UTC,DKNG,DraftKings Inc.,DKNG-USDT-SWAP,20.43,10142556160.0,,12.056086,0.8844,0.1363193803708729,0.04552547984116856,0.1046,0.133,0.0,0,—,95,CORE
2026-09-29 16:12 UTC,ON,ON Semiconductor Corporation,ON-USDT-SWAP,76.11,29631041536.0,50.403973,16.805777,0.4145,0.4054469722557298,0.055909272780278955,0.0942,0.1305,0.0,5,—,95,CORE
2026-09-29 16:12 UTC,SKHY,SK hynix,SKHY-USDT-SWAP,1765000.0,1252893902503936.0,,3.7340474,0.33400002,0.11179781965282518,0.044511430067981195,2.5670998,0.5413,0.0,10,—,90,CORE
2026-09-29 16:12 UTC,OKTA,"Okta, Inc.",OKTA-USDT-SWAP,202.635,35424837632.0,121.338326,46.27976,0.1144,4.045433566433567,0.0292908900466686,0.104499996,0.100200005,-0.044140961286697505,90,CORE,8,—
2026-09-29 16:12 UTC,POPMART,POP MART,POPMART-USDT-SWAP,154.6,204401999872.0,13.316108,12.567657,0.21540001,0.5834566581496445,0.029317329124727832,-0.0466,0.1723,0.0,0,—,85,CORE
2026-09-29 16:12 UTC,TWLO,Twilio Inc.,TWLO-USDT-SWAP,285.62,43864154112.0,39.50484,42.060898,0.1453,2.8947624225739848,0.021764363438136553,0.1841,0.114700004,0.0,85,CORE,0,—
2026-09-29 16:12 UTC,APP,Applovin Corporation,APP-USDT-SWAP,307.47,103291322368.0,23.633358,14.654835,0.2769,0.5292464788732395,0.030786286312325894,0.4783,0.2665,0.0,10,—,83,CORE
2026-09-29 16:12 UTC,HPE,Hewlett Packard Enterprise Comp,HPE-USDT-SWAP,61.429,81544839168.0,31.664433,13.3615675,0.2024,0.6601564970355731,0.05811066736225217,0.35529998,0.1708,0.0,10,—,82,CORE
2026-09-29 16:12 UTC,TSM,Taiwan Semiconductor Manufactur,TSM-USDT-SWAP,457.185,2371178201088.0,33.99145,20.852127,0.2947,0.7075713267729894,0.3082121851426709,0.42880002,0.3455,0.0,10,—,82,CORE
2026-09-29 16:12 UTC,BSP,Bending Spoons S.p.A.,BSP-USDT-SWAP,32.46,20619218944.0,75.488365,16.911974,0.4034,0.41923584531482405,,,0.45560002,0.0,15,—,80,WATCH
2026-09-29 16:12 UTC,COIN,"Coinbase Global, Inc.",COIN-USDT-SWAP,190.095,50154082304.0,,67.04794,2.3991,0.27947121837355676,0.05320509799831747,-0.2568,0.29540002,0.0,15,—,80,WATCH
2026-09-29 16:12 UTC,CRWD,"CrowdStrike Holdings, Inc.",CRWD-USDT-SWAP,259.74,265956835328.0,8658.0,161.74007,0.2785,5.8075429084380605,0.007502666624601415,0.2482,0.2259,0.0,80,—,25,—
2026-09-29 16:12 UTC,TTWO,"Take-Two Interactive Software, ",TTWO-USDT-SWAP,202.79,37917765632.0,,19.703327,1.8697,0.10538229127667541,0.033127940190123065,0.26520002,0.0883,0.0,10,—,78,CORE
2026-09-29 16:12 UTC,AMAT,"Applied Materials, Inc.",AMAT-USDT-SWAP,502.91,399108079616.0,43.429188,27.24395,0.4434,0.6144327920613442,0.007705619758334529,0.2074,0.348,0.0,15,—,77,WATCH
2026-09-29 16:12 UTC,BX,Blackstone Inc.,BX-USDT-SWAP,113.78,136000978944.0,25.45414,15.201272,0.2441,0.6227477263416632,,0.1494,0.239,0.0,0,—,77,WATCH
2026-09-29 16:12 UTC,AVGO,Broadcom Inc.,AVGO-USDT-SWAP,357.7,1707527503872.0,46.09536,18.453451,0.6624,0.2785847071256039,0.017918598316348747,0.65870005,0.6373,0.0023698029933554997,35,—,75,WATCH
2026-09-29 16:12 UTC,HIMS,"Hims & Hers Health, Inc.",HIMS-USDT-SWAP,28.67,6689095680.0,,38.887234,1.748,0.2224670137299771,0.12698835367832562,0.36650002,0.2459,0.0,10,—,75,WATCH
2026-09-29 16:12 UTC,LGELECTRONICS,LGELECTRONICS,LGELECTRONICS-USDT-SWAP,213500.0,38303579504640.0,,12.736898,0.22309999,0.5709053595206346,0.03172899772619887,0.4138,0.4058,0.0,10,—,75,CORE
2026-09-29 16:12 UTC,MU,"Micron Technology, Inc.",MU-USDT-SWAP,1071.29,1209907675136.0,24.199007,6.6336784,1.1855999,0.05595208299190983,0.0063141179554392695,2.4814,0.92050004,0.0312675073686405,20,—,75,WATCH
2026-09-29 16:12 UTC,NVDA,NVIDIA Corporation,NVDA-USDT-SWAP,230.35,5562261569536.0,29.084597,14.688226,0.685,0.21442665693430657,0.0075167042076893465,0.90589994,0.6589,0.095674495996308,20,—,75,WATCH
2026-09-29 16:12 UTC,RDDT,"Reddit, Inc.",RDDT-USDT-SWAP,144.08,27720488960.0,33.429234,14.872789,0.3142,0.47335420114576704,0.024460922640233255,0.5375,0.3181,0.0,20,—,75,WATCH
2026-09-29 16:12 UTC,SNDK,Sandisk Corporation,SNDK-USDT-SWAP,1716.31,251300413440.0,23.246784,6.5138683,0.2318,0.28101243744607424,0.03072368605491141,1.4175999,0.18280001,0.1432228700823315,10,—,75,CORE
2026-09-29 16:12 UTC,VRT,"Vertiv Holdings, LLC",VRT-USDT-SWAP,249.45,96035299328.0,56.309258,27.344896,0.36049998,0.7585269768947004,0.028078608791442576,0.3704,0.301,0.29588475164716055,25,—,75,CORE
2026-09-29 16:12 UTC,WDC,Western Digital Corporation,WDC-USDT-SWAP,451.51,162787835904.0,16.910486,14.220998,0.5803,0.24506286403584351,0.013936852636445993,0.48560002,0.3677,0.066380256489066,20,—,75,WATCH
2026-09-29 16:12 UTC,ZHONGJI,ZHONGJI INNOLIGHT,ZHONGJI-USDT-SWAP,813.01,951006003200.0,44.32988,12.226496,1.2207,0.10015971164086179,0.00031020964221816595,1.8798,0.9946,0.2258570496189165,35,—,75,WATCH
2026-09-29 16:12 UTC,ISRG,"Intuitive Surgical, Inc.",ISRG-USDT-SWAP,408.19,146245517312.0,46.864525,33.758232,0.121700004,2.7738891446544245,0.017882257508247148,0.1681,0.1279,0.0,75,—,5,—
2026-09-29 16:12 UTC,AMD,"Advanced Micro Devices, Inc.",AMD-USDT-SWAP,613.6,1001686630400.0,157.73778,39.388145,1.0562999,0.3728878985977373,0.008826612415171554,0.4687,0.7317,0.0,15,—,70,WATCH
2026-09-29 16:12 UTC,HOOD,"Robinhood Markets, Inc.",HOOD-USDT-SWAP,115.62,103951900672.0,51.159294,33.491882,0.3414,0.9810158758055066,,0.1691,0.2791,0.065612814083229,5,—,70,WATCH
2026-09-29 16:12 UTC,MRVL,"Marvell Technology, Inc.",MRVL-USDT-SWAP,263.33,236655886336.0,87.19536,38.9016,0.6074,0.6404609812314784,0.010175322309883692,0.4706,0.5126,0.0,15,—,70,WATCH
2026-09-29 16:12 UTC,ORCL,Oracle Corporation,ORCL-USDT-SWAP,139.495,422879232000.0,21.864418,12.684603,0.3508,0.3615907354618016,-0.10843196567288507,0.3432,0.45290002,0.274546875405996,0,—,70,WATCH
2026-09-29 16:12 UTC,TSEM,Tower Semiconductor Ltd.,TSEM-USDT-SWAP,235.6,26630160384.0,93.122536,35.471085,0.72410005,0.4898644185979548,0.0062641287019895705,0.26139998,0.37919998,0.0,15,—,70,WATCH
2026-09-29 16:12 UTC,XIAOMI,XIAOMI-W,XIAOMI-USDT-SWAP,25.2,648134197248.0,17.746479,16.287033,0.3968,0.41045950100806455,-0.013393388672991806,-0.0435,0.24340001,0.0,0,—,70,WATCH
2026-09-29 16:12 UTC,CRDO,Credo Technology Group Holding ,CRDO-USDT-SWAP,195.96,36831059968.0,69.24382,20.191925,0.5392,0.3744793212166172,0.006741344946784671,0.8736,0.5496,0.0,35,—,67,WATCH
2026-09-29 16:12 UTC,CIEN,Ciena Corporation,CIEN-USDT-SWAP,348.3326,49396535296.0,78.10148,29.532001,0.7647,0.3861906760821237,0.012822121636763632,0.3466,0.3069,0.0,35,—,67,WATCH
2026-09-29 16:12 UTC,LITE,Lumentum Holdings Inc.,LITE-USDT-SWAP,979.05,87820787712.0,,28.202862,0.5957,0.4734406916233003,0.0025586197283595596,1.1005,0.52169997,0.0,20,—,67,WATCH
2026-09-29 16:12 UTC,LLY,Eli Lilly and Company,LLY-USDT-SWAP,1177.0,1049579618304.0,39.57633,24.860416,0.2864,0.8680312849162011,0.010543173513488402,0.35720003,0.1538,0.0,20,—,67,WATCH
2026-09-29 16:12 UTC,ADBE,Adobe Inc.,ADBE-USDT-SWAP,230.71,91707228160.0,12.888827,8.336923,0.1304,0.6393345858895706,0.10190173188634295,0.1195,0.091800004,0.24232416849881402,30,—,65,WATCH
2026-09-29 16:12 UTC,HANMI,HANMISemi,HANMI-USDT-SWAP,252000.0,23902956814336.0,,50.407314,0.56380004,0.8940636825779581,0.0027687059954150874,0.2846,0.5573,0.0,25,—,65,WATCH
2026-09-29 16:12 UTC,SNOW,Snowflake Inc.,SNOW-USDT-SWAP,328.78,115993583616.0,,109.0821,0.3621,3.0124855012427503,0.014996748973277277,0.3483,0.2847,0.0,65,—,25,—
2026-09-29 16:12 UTC,BB,BlackBerry Limited,BB-USDT-SWAP,8.6299,5066029568.0,66.38385,36.612362,0.1458,2.5111359396433466,0.02732909434136173,0.14039999,0.099,0.0,65,—,13,—
2026-09-29 16:12 UTC,RKLB,Rocket Lab Corporation,RKLB-USDT-SWAP,70.565,45120040960.0,,1548.8368,0.6811,22.740226104830423,-0.005584295285178748,0.5924,0.42180002,0.0920168625695745,65,—,10,—
2026-09-29 16:12 UTC,USAR,"USA Rare Earth, Inc.",USAR-USDT-SWAP,14.045,5272391168.0,,468.1667,1.0526,4.447717081512446,-0.05385725431819857,43.7519,8.7013,0.250100124888015,65,—,10,—
2026-09-29 16:12 UTC,AAOI,"Applied Optoelectronics, Inc.",AAOI-USDT-SWAP,102.58,8709687296.0,,22.290308,5.7676,0.0386474582148554,-0.10184637884845596,1.2787,1.5647999,0.0,0,—,62,WATCH
2026-09-29 16:12 UTC,ASML,ASML Holding N.V. - New York Re,ASML-USDT-SWAP,1824.42,700759736320.0,63.19432,31.002638,0.3496,0.8868031464530892,0.01204075315786545,0.31219998,0.2734,0.0,35,—,60,WATCH
2026-09-29 16:12 UTC,CBRS,Cerebras Systems Inc.,CBRS-USDT-SWAP,210.205,49919336448.0,,164.97865,3.7132,0.44430316169341805,,,2.3273,0.0,25,—,60,WATCH
2026-09-29 16:12 UTC,GLW,Corning Incorporated,GLW-USDT-SWAP,157.38,135565303808.0,72.525345,36.061344,0.33009997,1.0924370577797993,0.005418052756627655,0.1736,0.1918,0.0,15,—,60,WATCH
2026-09-29 16:12 UTC,SPCX,Space Exploration Technologies ,SPCX-USDT-SWAP,148.765,1960987459584.0,,85.34263,50.973198,0.016742647773443607,,,1.5072999,0.19404638397367502,25,—,60,WATCH
2026-09-29 16:12 UTC,UNH,UnitedHealth Group Incorporated,UNH-USDT-SWAP,372.545,334394458112.0,23.927105,16.476864,0.1381,1.1931110789283128,0.07258568523246998,-0.0011,0.0291,0.0,10,—,60,WATCH
2026-09-29 16:12 UTC,ALAB,"Astera Labs, Inc.",ALAB-USDT-SWAP,364.7284,63274942464.0,178.78844,57.04693,0.5856,0.974162056010929,0.0014525991556972742,1.2387,0.55759996,0.0,60,—,55,WATCH
2026-09-29 16:12 UTC,BE,Bloom Energy Corporation,BE-USDT-SWAP,297.15,87518806016.0,380.96155,60.289608,0.8215,0.7338966281192939,0.006074551610116883,1.0335,0.65,0.0,60,—,55,WATCH
2026-09-29 16:12 UTC,ARM,Arm Holdings plc,ARM-USDT-SWAP,297.875,318130094080.0,300.88385,97.51175,0.3741,2.606569099171345,0.004194824673406767,0.2289,0.36220002,0.009210490583313,60,—,35,—
2026-09-29 16:12 UTC,PLTR,Palantir Technologies Inc.,PLTR-USDT-SWAP,186.13,447281266688.0,157.7373,80.12519,0.4437,1.805841559612351,0.004827174024048895,0.82949996,0.4972,0.0,60,—,33,—
2026-09-29 16:12 UTC,DELL,Dell Technologies Inc.,DELL-USDT-SWAP,544.745,346355793920.0,31.726557,18.708746,0.0083,22.540657831325305,0.017419588001445607,0.7044,0.1575,0.0,60,—,25,—
2026-09-29 16:12 UTC,TSLA,"Tesla, Inc.",TSLA-USDT-SWAP,353.825,1397448638464.0,330.67755,162.83614,0.2349,6.93214729672201,0.0034605921183017284,0.12149999,0.1384,0.2913474589762545,60,WATCH,22,—
2026-09-29 16:12 UTC,KO,Coca-Cola Company (The),KO-USDT-SWAP,86.8854,373828681728.0,26.091711,24.638695,0.0681,3.6180168869309837,0.013960271662079674,0.0345,0.0025,0.0,60,—,7,—
2026-09-29 16:12 UTC,AAPL,Apple Inc.,AAPL-USDT-SWAP,331.01,4830819516416.0,37.91638,34.53291,0.086,4.015454651162791,0.02229888222690613,0.14819999,0.104899995,0.12204901709831249,60,—,5,—
2026-09-29 16:12 UTC,MSFT,Microsoft Corporation,MSFT-USDT-SWAP,508.5312,3776121667584.0,28.377857,21.47887,0.1982,1.083696770938446,0.004381612039154971,0.1784,0.195,0.0,20,—,59,WATCH
2026-09-29 16:12 UTC,NAVER,NAVER,NAVER-USDT-SWAP,194800.0,29181884760064.0,,13.323181,0.13949999,0.955066806814825,0.030917932703878624,0.1435,0.14060001,0.0,30,—,58,WATCH
2026-09-29 16:12 UTC,NOW,"ServiceNow, Inc.",NOW-USDT-SWAP,131.22,135663378432.0,82.0125,26.215113,0.2308,1.1358367850953204,0.0379570008908563,0.2215,0.1876,0.1600204206275295,25,—,57,CORE
2026-09-29 16:12 UTC,CGNX,Cognex Corporation,CGNX-USDT-SWAP,58.82,9894926336.0,56.557693,29.133955,0.19510001,1.4932831115692922,0.01977491992922705,0.1525,0.0968,0.0,55,—,44,—
2026-09-29 16:12 UTC,BMNR,"BitMine Immersion Technologies,",BMNR-USDT-SWAP,26.525,16000579584.0,,28.218084,1.0318,0.2734840472959876,-0.032379841072636986,18.6473,4.2175,0.22637643116516248,20,—,52,—
2026-09-29 16:12 UTC,COHR,Coherent Corp.,COHR-USDT-SWAP,297.255,58212114432.0,72.14928,21.300495,0.482,0.4419189834024897,-0.011165745108937258,0.4917,0.382,0.1060837954361475,35,—,52,—
2026-09-29 16:12 UTC,SMCI,"Super Micro Computer, Inc.",SMCI-USDT-SWAP,41.545,27293624320.0,12.743864,7.80053,0.22780001,0.3424288699548345,-0.30222383716022366,0.71849996,0.1733,0.0,20,—,52,—
2026-09-29 16:12 UTC,GPRO,"GoPro, Inc.",GPRO-USDT-SWAP,1.355,279612896.0,,-135.5,0.9861,-1.3740999898590407,0.21142578488225378,-0.1664,0.3548,0.0,0,—,50,—
2026-09-29 16:12 UTC,MSTR,Strategy Inc,MSTR-USDT-SWAP,153.19,61084639232.0,,3.0953727,1.5597999,0.019844678153909355,-0.36977419128583844,0.0513,0.0222,0.34927236119692046,20,—,50,—
2026-09-29 16:12 UTC,TER,"Teradyne, Inc.",TER-USDT-SWAP,405.94,63464964096.0,55.305176,34.83725,0.28170002,1.2366790034306705,0.006891696138650566,0.6119,0.2182,0.0,35,—,50,—
2026-09-29 16:12 UTC,NFLX,"Netflix, Inc.",NFLX-USDT-SWAP,70.645,294161481728.0,22.215406,18.52964,0.0629,2.9458887122416533,0.08630481672469582,0.1336,0.1126,0.028888533433829997,50,—,35,—
2026-09-29 16:12 UTC,ZM,"Zoom Communications, Inc.",ZM-USDT-SWAP,87.75,25604020224.0,8.373092,13.836416,0.033299997,4.155080254211435,0.07715695827127309,0.046,0.0419,0.0,50,—,30,—
2026-09-29 16:12 UTC,WEN,Wendy's Company (The),WEN-USDT-SWAP,6.515,1242214656.0,9.871211,12.60106,0.0347,3.63142939481268,0.13954089429130032,0.0088,-0.0047999998,0.0,50,—,20,—
2026-09-29 16:12 UTC,KLAC,KLA Corporation,KLAC-USDT-SWAP,194.86,254293557248.0,53.3863,29.060204,0.2293,1.267344265154819,0.010321093260889692,0.3339,0.1823,0.0,35,—,49,—
2026-09-29 16:12 UTC,LRCX,Lam Research Corporation,LRCX-USDT-SWAP,322.725,403865927680.0,56.126087,27.49043,0.2399,1.145912046686119,0.007652253552938294,0.4988,0.184,0.0,35,—,49,—
2026-09-29 16:12 UTC,INTC,Intel Corporation,INTC-USDT-SWAP,116.697,616872607744.0,,56.59189,0.35639998,1.5878757905654204,0.00788878466462808,0.1934,0.1416,0.14005950297841951,45,—,28,—
2026-09-29 16:12 UTC,ROK,"Rockwell Automation, Inc.",ROK-USDT-SWAP,429.12,47749877760.0,40.14219,28.840008,0.1247,2.3127512429831594,0.027306351453997943,0.0855,0.056500003,0.0,45,—,15,—
2026-09-29 16:12 UTC,CRCL,"Circle Internet Group, Inc.",CRCL-USDT-SWAP,84.72,23094173696.0,16.977957,55.433784,0.3086,1.7962988982501622,0.008929930930402577,0.0956,0.24110001,0.41883318047455054,25,—,43,—
2026-09-29 16:12 UTC,GME,GameStop Corporation,GME-USDT-SWAP,23.485,11848206336.0,15.450659,12.626345,0.033299997,3.7916955367893883,0.0072120621110695685,0.0749,0.1101,0.0,40,—,30,—
2026-09-29 16:12 UTC,META,"Meta Platforms, Inc.",META-USDT-SWAP,719.28,1832370307072.0,27.091528,20.57051,0.090299994,2.2780189774984922,0.011762701570099763,0.2647,0.2056,0.0,40,—,17,—
2026-09-29 16:12 UTC,GOOGL,Alphabet Inc.,GOOGL-USDT-SWAP,338.9145,4144902176768.0,17.022326,22.487051,-0.2761,,0.005468163057511071,0.2377,0.2332,0.293746520511084,40,—,2,—
2026-09-29 16:12 UTC,AMZN,"Amazon.com, Inc.",AMZN-USDT-SWAP,246.395,2657693728768.0,19.822607,23.522196,-0.18450001,,0.0012112475403598356,0.15560001,0.1445,0.1401570971056155,40,—,0,—
2026-09-29 16:12 UTC,CRWV,"CoreWeave, Inc.",CRWV-USDT-SWAP,86.7464,47843811328.0,,-47.601917,0.14840001,-3.2076761315582125,-0.18996428528011103,1.5086,1.04,0.0,40,—,0,—
2026-09-29 16:12 UTC,IREN,IREN LIMITED,IREN-USDT-SWAP,41.3223,16283410432.0,,-10.375605,-0.16409999,,-0.2591163133558482,2.9729002,1.5885,0.0,40,—,0,—
2026-09-29 16:12 UTC,NBIS,Nebius Group N.V.,NBIS-USDT-SWAP,242.1,65816154112.0,,-69.278114,-1.2349,,-0.14608344254874958,5.295,2.7004,0.0,40,—,0,—
2026-09-29 16:12 UTC,SOFTBANK,SOFTBANK GROUP CORP,SOFTBANK-USDT-SWAP,6035.0,34393003393024.0,6.918571,20.437536,-0.39720002,,-0.06353917032960399,3.1319,0.0717,-1.9312216831900773,40,—,0,—
2026-09-29 16:12 UTC,FLNC,"Fluence Energy, Inc.",FLNC-USDT-SWAP,7.84,1526156288.0,,-29.436062,0.7014,-0.41967581978899343,0.0015849458007802671,0.0622,0.36049998,0.0,0,—,35,—
2026-09-29 16:12 UTC,KIOXIA,KIOXIA HOLDINGS CORPORATION,KIOXIA-USDT-SWAP,17880.0,28563568852992.0,17.704723,,0.36810002,,0.030024854772381347,100.5819,0.2999,0.0033329419761270003,10,—,33,—
2026-09-29 16:12 UTC,IBM,International Business Machines,IBM-USDT-SWAP,221.62,208795828224.0,19.699554,16.856142,0.068,2.4788444117647055,0.057710683774164336,0.0422,0.038599998,0.0,30,—,30,—
2026-09-29 16:12 UTC,CSCO,"Cisco Systems, Inc.",CSCO-USDT-SWAP,106.29,419057565696.0,31.91892,18.906487,0.0923,2.0483734561213436,0.026685175697584933,0.1554,0.066,0.0,30,—,23,—
2026-09-29 16:12 UTC,CRM,"Salesforce, Inc.",CRM-USDT-SWAP,227.53,187257192448.0,20.817017,14.214637,-0.044699997,,0.09469262346718146,0.1148,0.0971,0.0,30,—,20,—
2026-09-29 16:12 UTC,JNJ,Johnson & Johnson,JNJ-USDT-SWAP,266.64,642575368192.0,30.932716,21.967377,0.096099995,2.285887423823487,0.026277267937470587,0.0746,0.074099995,0.0,30,—,15,—
2026-09-29 16:12 UTC,GEV,GE Vernova Inc.,GEV-USDT-SWAP,956.26,254684151808.0,27.43144,38.058933,-0.1927,,0.06173185571378825,0.2158,0.13949999,0.0,30,—,5,—
2026-09-29 16:12 UTC,XOM,ExxonMobil Holdings Corporation,XOM-USDT-SWAP,161.68,664813895680.0,20.808235,14.523424,-0.0739,,0.031092912934463892,0.2488,-0.0121,0.0,30,—,0,—
2026-09-29 16:12 UTC,QCOM,QUALCOMM Incorporated,QCOM-USDT-SWAP,186.72,199428259840.0,21.315067,18.298689,-0.026700001,,0.05135180167653415,-0.0286,0.0475,0.2459179587680745,10,—,25,—
2026-09-29 16:12 UTC,APLD,Applied Digital Corporation,APLD-USDT-SWAP,24.985,7474766848.0,,-51.674217,0.5556,-0.9300615010799137,-0.6637583246262078,0.35779998,1.3111999,0.0,0,—,20,—
2026-09-29 16:12 UTC,ASTS,"AST SpaceMobile, Inc.",ASTS-USDT-SWAP,60.09,23385073664.0,,-46.611023,0.5177,-0.9003481359860923,-0.07695391589765829,1.3808,2.8543,0.053087568731707495,0,—,20,—
2026-09-29 16:12 UTC,LUNR,"Intuitive Machines, Inc.",LUNR-USDT-SWAP,14.915,2393146112.0,,-96.22581,0.7019,-1.370933323835304,-0.033427073925355044,3.3676999,0.282,0.0,20,—,10,—
2026-09-29 16:12 UTC,ONDS,Ondas Inc,ONDS-USDT-SWAP,7.565,4405120000.0,,-378.25,0.90480006,-4.180481597227127,-0.015688373528984455,9.5742,0.8768,0.0,20,—,10,—
2026-09-29 16:12 UTC,RDW,Redwire Corporation,RDW-USDT-SWAP,10.9417,2735344128.0,,-32.18147,0.2714,-1.1857579218865144,-0.009489985458970375,0.41709998,0.1865,0.0,20,—,10,—
2026-09-29 16:12 UTC,RIVN,"Rivian Automotive, Inc.",RIVN-USDT-SWAP,15.085,21840977920.0,,-8.653824,0.1114,-0.7768244165170556,-0.07048104629923091,0.38169998,0.5826,0.0,20,—,0,—
2026-09-29 16:12 UTC,SHAZ,"SharonAI Holdings, Inc.",SHAZ-USDT-SWAP,54.18,1939833856.0,,-6.827977,0.5156,-0.13242779286268425,-0.11861315199150746,,11.9512,0.0,10,—,15,—
2026-09-29 16:12 UTC,AMC,"AMC Entertainment Holdings, Inc",AMC-USDT-SWAP,3.0801,2749311488.0,,-38.50125,,,0.05186753142465318,0.1487,0.041100003,0.0,10,—,10,—
2026-09-29 16:12 UTC,BOT,"RoboStrategy, Inc.",BOT-USDT-SWAP,26.9239,655630080.0,,,,,,,,0.0,0,—,0,—
