asset,ticker,lag_minutes,intraday_corr,intraday_samples
Hang Seng Index,^HSI,0,0.12517093344095426,2862
Hang Seng Index,^HSI,5,0.02254810109538289,2862
Hang Seng Index,^HSI,15,0.0211396603975908,2862
Hang Seng Index,^HSI,30,-0.0436222720140476,2862
Hang Seng Index,^HSI,60,0.007754010091401381,2862
Hang Seng TECH,HSTECH.HK,0,0.14477947159577062,2862
Hang Seng TECH,HSTECH.HK,5,0.03146552830954363,2862
Hang Seng TECH,HSTECH.HK,15,0.027541511222206744,2862
Hang Seng TECH,HSTECH.HK,30,-0.0307140304618533,2862
Hang Seng TECH,HSTECH.HK,60,-0.01492742596032598,2862
Xiaomi,1810.HK,0,0.050808691094662635,2694
Xiaomi,1810.HK,5,0.028960111183708993,2694
Xiaomi,1810.HK,15,0.007330010456087661,2694
Xiaomi,1810.HK,30,-0.002123862878497192,2694
Xiaomi,1810.HK,60,0.00573209182098463,2694
