asset,ticker,session_date_hk,btc_overnight_return,hk_open_gap
Hang Seng Index,^HSI,2026-08-11,-0.018998562848513978,0.0023556484772773167
Hang Seng Index,^HSI,2026-08-12,-0.0048030061650709,-0.0060199886647454015
Hang Seng Index,^HSI,2026-08-13,-0.00495671031362932,-0.005978718296382746
Hang Seng Index,^HSI,2026-08-14,-0.005211468796362029,-0.006983612182807186
Hang Seng Index,^HSI,2026-08-17,0.004603079578042291,0.0074277048983628635
Hang Seng Index,^HSI,2026-08-18,0.014403866905892793,-0.0033143662541607055
Hang Seng Index,^HSI,2026-08-19,0.005098142581371645,-0.0048780678569481095
Hang Seng Index,^HSI,2026-08-20,0.083376478656497,0.011139791424138679
Hang Seng Index,^HSI,2026-08-21,0.049231783771787274,0.00424613040026145
Hang Seng Index,^HSI,2026-08-24,0.00639779990570033,-0.008817629762727597
Hang Seng Index,^HSI,2026-08-25,0.03204268271405297,0.004580832894433895
Hang Seng Index,^HSI,2026-08-26,-0.012358253441677847,0.004866141675617053
Hang Seng Index,^HSI,2026-08-27,-0.0019738530457659165,0.0047518253893747975
Hang Seng Index,^HSI,2026-08-28,0.0194317840295386,-0.0060737258319716325
Hang Seng Index,^HSI,2026-08-31,-0.02563632060110843,-0.006416242194687838
Hang Seng Index,^HSI,2026-09-01,0.003816129194148088,-0.0059165951824323715
Hang Seng Index,^HSI,2026-09-02,-0.016125717966300468,-0.0019309386773910253
Hang Seng Index,^HSI,2026-09-03,0.001430720314320233,0.0067697120378042985
Hang Seng Index,^HSI,2026-09-04,0.037431519238601885,0.01199484244394422
Hang Seng Index,^HSI,2026-09-07,-0.009975370137130346,8.192948505869602e-05
Hang Seng Index,^HSI,2026-09-08,-0.001983003222834956,-0.006337231853903003
Hang Seng Index,^HSI,2026-09-09,0.005076885560062472,0.00043255891889115716
Hang Seng Index,^HSI,2026-09-10,-0.017352307648405785,-0.011465151250542815
Hang Seng Index,^HSI,2026-09-11,-0.01709996898012478,-0.00947005910529719
Hang Seng Index,^HSI,2026-09-14,-0.0070464980162547874,-0.0042107847394464715
Hang Seng Index,^HSI,2026-09-15,0.002548302118466461,0.0006606148970227377
Hang Seng Index,^HSI,2026-09-16,-0.01471327774540665,0.004972989305226605
Hang Seng Index,^HSI,2026-09-17,0.014814165906356536,-0.009436395039931766
Hang Seng Index,^HSI,2026-09-18,0.002455760993202105,0.00485933759643653
Hang Seng Index,^HSI,2026-09-21,0.04676264743793368,-9.414160649456882e-05
Hang Seng Index,^HSI,2026-09-22,0.047740522278255426,0.0051148553393312035
Hang Seng Index,^HSI,2026-09-23,0.013335486842525057,-0.0009132009147890807
Hang Seng Index,^HSI,2026-09-24,-0.020789675260098783,-0.007436137389423503
Hang Seng Index,^HSI,2026-09-25,0.00010377925920135311,-0.00959693079950863
Hang Seng Index,^HSI,2026-09-28,-0.0008538243592903783,0.0018151803872863415
Hang Seng Index,^HSI,2026-09-29,-0.0012901465364292264,0.0002487920034652813
Hang Seng Index,^HSI,2026-09-30,-0.008371248771026463,-0.005288359381296792
Hang Seng Index,^HSI,2026-10-02,0.017924706697004078,-0.0208643171866294
Hang Seng Index,^HSI,2026-10-05,0.004522076753179505,-0.0003703820785262435
Hang Seng Index,^HSI,2026-10-06,-0.007073315470484842,0.009953728490539993
Hang Seng Index,^HSI,2026-10-07,-0.005457960732157208,-0.004459183887702056
Xiaomi,1810.HK,2026-08-11,-0.018998562848513978,-0.00868941604541451
Xiaomi,1810.HK,2026-08-12,-0.0048030061650709,-0.007501904129188053
Xiaomi,1810.HK,2026-08-13,-0.00495671031362932,-0.009863437893083082
Xiaomi,1810.HK,2026-08-14,-0.005211468796362029,-0.0007727415403225857
Xiaomi,1810.HK,2026-08-17,0.004603079578042291,0.007025698357960408
Xiaomi,1810.HK,2026-08-18,0.014403866905892793,-0.014683121062178062
Xiaomi,1810.HK,2026-08-19,0.005098142581371645,0.02979368870147292
Xiaomi,1810.HK,2026-08-20,0.083376478656497,0.012390675873562573
Xiaomi,1810.HK,2026-08-21,0.049231783771787274,0.02305473286641302
Xiaomi,1810.HK,2026-08-24,0.00639779990570033,-0.014472779795617896
Xiaomi,1810.HK,2026-08-25,0.03204268271405297,0.01797268172123756
Xiaomi,1810.HK,2026-08-26,-0.012358253441677847,0.008645524824904882
Xiaomi,1810.HK,2026-08-27,-0.0019738530457659165,0.0
Xiaomi,1810.HK,2026-08-28,0.0194317840295386,0.0
Xiaomi,1810.HK,2026-08-31,-0.02563632060110843,0.0021567026096533937
Xiaomi,1810.HK,2026-09-01,0.003816129194148088,-0.003620578509457517
Xiaomi,1810.HK,2026-09-02,-0.016125717966300468,-0.002177048878993171
Xiaomi,1810.HK,2026-09-03,0.001430720314320233,0.008553092504847148
Xiaomi,1810.HK,2026-09-04,0.037431519238601885,0.008746347173728575
Xiaomi,1810.HK,2026-09-07,-0.009975370137130346,-0.007735626461738865
Xiaomi,1810.HK,2026-09-08,-0.001983003222834956,-0.00872726440429683
Xiaomi,1810.HK,2026-09-09,0.005076885560062472,-0.00817233702566833
Xiaomi,1810.HK,2026-09-10,-0.017352307648405785,-0.012888485824704587
Xiaomi,1810.HK,2026-09-11,-0.01709996898012478,-0.010030872998323392
Xiaomi,1810.HK,2026-09-14,-0.0070464980162547874,0.0022761557114236997
Xiaomi,1810.HK,2026-09-15,0.002548302118466461,-0.0014727175406270554
Xiaomi,1810.HK,2026-09-16,-0.01471327774540665,0.0
Xiaomi,1810.HK,2026-09-17,0.014814165906356536,-0.018334588870934088
Xiaomi,1810.HK,2026-09-18,0.002455760993202105,0.0007651284709513373
Xiaomi,1810.HK,2026-09-21,0.04676264743793368,0.0
Xiaomi,1810.HK,2026-09-22,0.047740522278255426,0.014503249442958
Xiaomi,1810.HK,2026-09-23,0.013335486842525057,0.0029411735831661456
Xiaomi,1810.HK,2026-09-24,-0.020789675260098783,-0.0015279188335011185
Xiaomi,1810.HK,2026-09-25,0.00010377925920135311,-0.015048894645538491
Xiaomi,1810.HK,2026-09-28,-0.0008538243592903783,0.003088800188584484
Xiaomi,1810.HK,2026-09-29,-0.0012901465364292264,0.0015467520199012874
Xiaomi,1810.HK,2026-09-30,-0.008371248771026463,0.0
Xiaomi,1810.HK,2026-10-02,0.017924706697004078,-0.0245641417395821
Xiaomi,1810.HK,2026-10-05,0.004522076753179505,-0.014851510468267493
Xiaomi,1810.HK,2026-10-06,-0.007073315470484842,0.0016750802735814307
Xiaomi,1810.HK,2026-10-07,-0.005457960732157208,-0.002473184887729407
