okx_symbol,yahoo_symbol,company,inst_id,max_leverage,price,market_cap,trailing_pe,forward_pe,eps_growth_1y,peg_1y,fcf_yield,revenue_growth_0y,revenue_growth_1y,revenue_decelerating,revenue_accelerating,funding_rate,funding_annualized,short_score,short_signal,short_reasons,long_score,long_signal,long_reasons,score,signal,reasons
DKNG,DKNG,DraftKings Inc.,DKNG-USDT-SWAP,5.0,20.8851,10368492544.0,,12.324647,0.8844,0.13935602668475805,0.044533449201079926,0.1046,0.133,False,True,0.0,0.0,0,—,Penalty: revenue growth accelerating,95,CORE,Forward P/E <= 20; Ratio/PEG <= 1.0; EPS growth >= 25%; FCF yield >= 4%; Revenue growth >= 8%; Revenue growth accelerating,0,—,Penalty: revenue growth accelerating
ON,ON,ON Semiconductor Corporation,ON-USDT-SWAP,5.0,76.93,29950281728.0,50.281048,16.98684,0.4145,0.409815199034982,0.055313335582123306,0.0942,0.1305,False,True,0.0,0.0,5,—,Trailing P/E > 40; Penalty: revenue growth accelerating,95,CORE,Forward P/E <= 20; Ratio/PEG <= 1.0; EPS growth >= 25%; FCF yield >= 4%; Revenue growth >= 8%; Revenue growth accelerating,5,—,Trailing P/E > 40; Penalty: revenue growth accelerating
SKHY,000660.KS,SK hynix,SKHY-USDT-SWAP,5.0,1765000.0,1252893902503936.0,,3.7340474,0.33400002,0.11179781965282518,0.044511430067981195,2.5670998,0.5413,True,False,0.0,0.0,10,—,Revenue growth decelerating,90,CORE,Forward P/E <= 20; Ratio/PEG <= 1.0; EPS growth >= 25%; FCF yield >= 4%; Revenue growth >= 15%; Penalty: revenue growth decelerating,10,—,Revenue growth decelerating
OKTA,OKTA,"Okta, Inc.",OKTA-USDT-SWAP,5.0,201.46,35219427328.0,121.36145,46.011402,0.1144,4.021975699300699,0.029461723336286952,0.104499996,0.100200005,True,False,0.0,0.0,90,CORE,Forward P/E > 40; Trailing P/E > 40; Ratio/PEG > 2.5; EPS growth < 20%; Revenue growth decelerating,8,—,FCF yield >= 2.5%; Revenue growth >= 8%; Penalty: revenue growth decelerating,90,CORE,Forward P/E > 40; Trailing P/E > 40; Ratio/PEG > 2.5; EPS growth < 20%; Revenue growth decelerating
POPMART,9992.HK,POP MART,POPMART-USDT-SWAP,5.0,154.6,204401999872.0,13.316108,12.566573,0.21540001,0.5834063331751934,0.029317329124727832,-0.0466,0.1723,False,True,0.0,0.0,0,—,Penalty: revenue growth accelerating,85,CORE,Forward P/E <= 20; Ratio/PEG <= 1.0; EPS growth >= 15%; FCF yield >= 2.5%; Revenue growth >= 15%; Revenue growth accelerating,0,—,Penalty: revenue growth accelerating
TWLO,TWLO,Twilio Inc.,TWLO-USDT-SWAP,5.0,284.0,43615363072.0,39.172413,41.822334,0.1453,2.8783437026841017,0.021888511862758708,0.1841,0.114700004,True,False,0.0,0.0,85,CORE,Forward P/E > 40; Ratio/PEG > 2.5; EPS growth < 20%; FCF yield < 2.5%; Revenue growth decelerating,0,—,Revenue growth >= 8%; Penalty: revenue growth decelerating,85,CORE,Forward P/E > 40; Ratio/PEG > 2.5; EPS growth < 20%; FCF yield < 2.5%; Revenue growth decelerating
APP,APP,Applovin Corporation,APP-USDT-SWAP,5.0,309.0,103407009792.0,23.750961,14.727758,0.2769,0.5318800288912965,0.030751843906872304,0.4783,0.2665,True,False,0.0001999025093614,0.218893247750733,10,—,Revenue growth decelerating,83,CORE,Forward P/E <= 20; Ratio/PEG <= 1.0; EPS growth >= 25%; FCF yield >= 2.5%; Revenue growth >= 15%; Penalty: revenue growth decelerating,10,—,Revenue growth decelerating
HPE,HPE,Hewlett Packard Enterprise Comp,HPE-USDT-SWAP,5.0,61.717,81927143424.0,31.812885,13.424211,0.2024,0.6632515316205534,0.05783950014558731,0.35529998,0.1708,True,False,0.0,0.0,10,—,Revenue growth decelerating,82,CORE,Forward P/E <= 20; Ratio/PEG <= 1.0; EPS growth >= 15%; FCF yield >= 4%; Revenue growth >= 15%; Penalty: revenue growth decelerating,10,—,Revenue growth decelerating
TSM,TSM,Taiwan Semiconductor Manufactur,TSM-USDT-SWAP,5.0,451.575,2342082052096.0,33.574352,20.596258,0.2947,0.698888971835765,0.3120411661350471,0.42880002,0.3455,True,False,0.0,0.0,10,—,Revenue growth decelerating,82,CORE,Forward P/E <= 30; Ratio/PEG <= 1.0; EPS growth >= 25%; FCF yield >= 4%; Revenue growth >= 15%; Penalty: revenue growth decelerating,10,—,Revenue growth decelerating
BSP,BSP,Bending Spoons S.p.A.,BSP-USDT-SWAP,5.0,32.69,20765319168.0,76.023254,17.031807,0.4034,0.42220642042637585,,,0.45560002,False,False,0.0,0.0,15,—,Trailing P/E > 40,80,WATCH,Forward P/E <= 20; Ratio/PEG <= 1.0; EPS growth >= 25%; Revenue growth >= 15%,15,—,Trailing P/E > 40
COIN,COIN,"Coinbase Global, Inc.",COIN-USDT-SWAP,5.0,192.5,50788610048.0,,67.8962,2.3991,0.2830069609436872,0.05254037985048344,-0.2568,0.29540002,False,True,0.0,0.0,15,—,Forward P/E > 40; Penalty: revenue growth accelerating,80,WATCH,Ratio/PEG <= 1.0; EPS growth >= 25%; FCF yield >= 4%; Revenue growth >= 15%; Revenue growth accelerating,15,—,Forward P/E > 40; Penalty: revenue growth accelerating
CRWD,CRWD,"CrowdStrike Holdings, Inc.",CRWD-USDT-SWAP,5.0,257.07,263222935552.0,8569.0,160.07747,0.2785,5.747844524236983,0.007580591211839172,0.2482,0.2259,True,False,0.0,0.0,80,—,Forward P/E > 40; Trailing P/E > 40; Ratio/PEG > 2.5; FCF yield < 2.5%; Revenue growth decelerating,25,—,EPS growth >= 25%; Revenue growth >= 15%; Penalty: revenue growth decelerating,80,—,Forward P/E > 40; Trailing P/E > 40; Ratio/PEG > 2.5; FCF yield < 2.5%; Revenue growth decelerating
TTWO,TTWO,"Take-Two Interactive Software, ",TTWO-USDT-SWAP,5.0,201.611,37697314816.0,,19.588776,1.8697,0.1047696207947799,0.03332166967677107,0.26520002,0.0883,True,False,0.0,0.0,10,—,Revenue growth decelerating,78,CORE,Forward P/E <= 20; Ratio/PEG <= 1.0; EPS growth >= 25%; FCF yield >= 2.5%; Revenue growth >= 8%; Penalty: revenue growth decelerating,10,—,Revenue growth decelerating
AMAT,AMAT,"Applied Materials, Inc.",AMAT-USDT-SWAP,5.0,505.54,401195270144.0,43.656303,27.386425,0.4434,0.6176460306720793,0.007665531806733822,0.2074,0.348,False,True,0.0,0.0,15,—,Trailing P/E > 40; FCF yield < 2.5%; Penalty: revenue growth accelerating,77,WATCH,Forward P/E <= 30; Ratio/PEG <= 1.0; EPS growth >= 25%; Revenue growth >= 15%; Revenue growth accelerating,15,—,Trailing P/E > 40; FCF yield < 2.5%; Penalty: revenue growth accelerating
BX,BX,Blackstone Inc.,BX-USDT-SWAP,5.0,114.305,136628510720.0,25.628923,15.271413,0.2441,0.6256211798443261,,0.1494,0.239,False,True,-0.0001174860318467,-0.1286472048721365,0,—,Penalty: revenue growth accelerating,77,WATCH,Forward P/E <= 20; Ratio/PEG <= 1.0; EPS growth >= 15%; Revenue growth >= 15%; Revenue growth accelerating,0,—,Penalty: revenue growth accelerating
AVGO,AVGO,Broadcom Inc.,AVGO-USDT-SWAP,5.0,359.135,1714377588736.0,45.749683,18.529928,0.6624,0.2797392512077295,0.017847001533984476,0.65870005,0.6373,True,False,0.0002561471134002,0.280481089173219,35,—,Trailing P/E > 40; FCF yield < 2.5%; Revenue growth decelerating,75,WATCH,Forward P/E <= 20; Ratio/PEG <= 1.0; EPS growth >= 25%; Revenue growth >= 15%; Penalty: revenue growth decelerating,35,—,Trailing P/E > 40; FCF yield < 2.5%; Revenue growth decelerating
CRDO,CRDO,Credo Technology Group Holding ,CRDO-USDT-SWAP,5.0,193.245,36320768000.0,68.284454,19.912167,0.5392,0.3692909310089021,0.00683605809216369,0.8736,0.5496,True,False,0.0,0.0,35,—,Trailing P/E > 40; FCF yield < 2.5%; Revenue growth decelerating,75,WATCH,Forward P/E <= 20; Ratio/PEG <= 1.0; EPS growth >= 25%; Revenue growth >= 15%; Penalty: revenue growth decelerating,35,—,Trailing P/E > 40; FCF yield < 2.5%; Revenue growth decelerating
HIMS,HIMS,"Hims & Hers Health, Inc.",HIMS-USDT-SWAP,5.0,29.1,6789420032.0,,39.470474,1.748,0.22580362700228834,0.12511190116334225,0.36650002,0.2459,True,False,0.0,0.0,10,—,Revenue growth decelerating,75,WATCH,Forward P/E <= 40; Ratio/PEG <= 1.0; EPS growth >= 25%; FCF yield >= 4%; Revenue growth >= 15%; Penalty: revenue growth decelerating,10,—,Revenue growth decelerating
LGELECTRONICS,066570.KS,LGELECTRONICS,LGELECTRONICS-USDT-SWAP,5.0,213500.0,38303579504640.0,,12.736898,0.22309999,0.5709053595206346,0.03172899772619887,0.4138,0.4058,True,False,0.0,0.0,10,—,Revenue growth decelerating,75,CORE,Forward P/E <= 20; Ratio/PEG <= 1.0; EPS growth >= 15%; FCF yield >= 2.5%; Revenue growth >= 15%; Penalty: revenue growth decelerating,10,—,Revenue growth decelerating
MU,MU,"Micron Technology, Inc.",MU-USDT-SWAP,5.0,1073.69,1212618113024.0,24.253218,6.648539,1.1855999,0.056077425445126984,0.00630000467084298,2.4814,0.92050004,True,False,6.88916992942e-05,0.075436410727149,20,—,FCF yield < 2.5%; Revenue growth decelerating,75,WATCH,Forward P/E <= 20; Ratio/PEG <= 1.0; EPS growth >= 25%; Revenue growth >= 15%; Penalty: revenue growth decelerating,20,—,FCF yield < 2.5%; Revenue growth decelerating
NVDA,NVDA,NVIDIA Corporation,NVDA-USDT-SWAP,5.0,229.465,5541012176896.0,28.973484,14.6321125,0.685,0.2136074817518248,0.007545530240545569,0.90589994,0.6589,True,False,0.0001365506230234,0.149522932210623,20,—,FCF yield < 2.5%; Revenue growth decelerating,75,WATCH,Forward P/E <= 20; Ratio/PEG <= 1.0; EPS growth >= 25%; Revenue growth >= 15%; Penalty: revenue growth decelerating,20,—,FCF yield < 2.5%; Revenue growth decelerating
RDDT,RDDT,"Reddit, Inc.",RDDT-USDT-SWAP,5.0,144.6875,27837370368.0,33.570187,14.935498,0.3142,0.4753500318268619,0.02435821800106029,0.5375,0.3181,True,False,0.0002500109830164,0.273762026402958,20,—,FCF yield < 2.5%; Revenue growth decelerating,75,WATCH,Forward P/E <= 20; Ratio/PEG <= 1.0; EPS growth >= 25%; Revenue growth >= 15%; Penalty: revenue growth decelerating,20,—,FCF yield < 2.5%; Revenue growth decelerating
SNDK,SNDK,Sandisk Corporation,SNDK-USDT-SWAP,5.0,1729.38,253214097408.0,23.423811,6.5634723,0.2318,0.28315238567730805,0.030491489561734284,1.4175999,0.18280001,True,False,0.0001774014994935,0.1942546419453825,10,—,Revenue growth decelerating,75,CORE,Forward P/E <= 20; Ratio/PEG <= 1.0; EPS growth >= 15%; FCF yield >= 2.5%; Revenue growth >= 15%; Penalty: revenue growth decelerating,10,—,Revenue growth decelerating
VRT,VRT,"Vertiv Holdings, LLC",VRT-USDT-SWAP,5.0,252.69,97282662400.0,57.040634,27.700068,0.36049998,0.7683791827117439,0.027718583491399183,0.3704,0.301,True,False,0.0001744196931642,0.190989564014799,25,—,Trailing P/E > 40; Revenue growth decelerating,75,CORE,Forward P/E <= 30; Ratio/PEG <= 1.0; EPS growth >= 25%; FCF yield >= 2.5%; Revenue growth >= 15%; Penalty: revenue growth decelerating,25,—,Trailing P/E > 40; Revenue growth decelerating
WDC,WDC,Western Digital Corporation,WDC-USDT-SWAP,5.0,454.59,163898294272.0,17.025843,14.3180065,0.5803,0.24673455971049454,0.01384242642717721,0.48560002,0.3677,True,False,0.0,0.0,20,—,FCF yield < 2.5%; Revenue growth decelerating,75,WATCH,Forward P/E <= 20; Ratio/PEG <= 1.0; EPS growth >= 25%; Revenue growth >= 15%; Penalty: revenue growth decelerating,20,—,FCF yield < 2.5%; Revenue growth decelerating
ZHONGJI,300308.SZ,ZHONGJI INNOLIGHT,ZHONGJI-USDT-SWAP,5.0,813.01,957652336640.0,44.32988,12.226496,1.2207,0.10015971164086179,0.0003080567140211557,1.8798,0.9946,True,False,9.6083032903e-05,0.10521092102878499,35,—,Trailing P/E > 40; FCF yield < 2.5%; Revenue growth decelerating,75,WATCH,Forward P/E <= 20; Ratio/PEG <= 1.0; EPS growth >= 25%; Revenue growth >= 15%; Penalty: revenue growth decelerating,35,—,Trailing P/E > 40; FCF yield < 2.5%; Revenue growth decelerating
ISRG,ISRG,"Intuitive Surgical, Inc.",ISRG-USDT-SWAP,5.0,407.435,145975017472.0,45.676567,33.69579,0.121700004,2.7687583313473025,0.017915394327674125,0.1681,0.1279,True,False,0.0,0.0,75,—,Trailing P/E > 40; Ratio/PEG > 2.5; EPS growth < 20%; FCF yield < 2.5%; Revenue growth decelerating,5,—,Forward P/E <= 40; Revenue growth >= 8%; Penalty: revenue growth decelerating,75,—,Trailing P/E > 40; Ratio/PEG > 2.5; EPS growth < 20%; FCF yield < 2.5%; Revenue growth decelerating
AMD,AMD,"Advanced Micro Devices, Inc.",AMD-USDT-SWAP,5.0,618.115,1009057267712.0,163.95624,39.677975,1.0562999,0.37563172163511527,0.008762138612853732,0.4687,0.7317,False,True,0.0,0.0,15,—,Trailing P/E > 40; FCF yield < 2.5%; Penalty: revenue growth accelerating,70,WATCH,Forward P/E <= 40; Ratio/PEG <= 1.0; EPS growth >= 25%; Revenue growth >= 15%; Revenue growth accelerating,15,—,Trailing P/E > 40; FCF yield < 2.5%; Penalty: revenue growth accelerating
HOOD,HOOD,"Robinhood Markets, Inc.",HOOD-USDT-SWAP,5.0,116.6958,104919130112.0,51.63531,33.803513,0.3414,0.9901439074399532,,0.1691,0.2791,False,True,5.99026459116e-05,0.065593397273202,5,—,Trailing P/E > 40; Penalty: revenue growth accelerating,70,WATCH,Forward P/E <= 40; Ratio/PEG <= 1.0; EPS growth >= 25%; Revenue growth >= 15%; Revenue growth accelerating,5,—,Trailing P/E > 40; Penalty: revenue growth accelerating
MRVL,MRVL,"Marvell Technology, Inc.",MRVL-USDT-SWAP,5.0,260.66,234256351232.0,86.59801,38.507164,0.6074,0.6339671386236417,0.010279550190787119,0.4706,0.5126,False,True,0.0,0.0,15,—,Trailing P/E > 40; FCF yield < 2.5%; Penalty: revenue growth accelerating,70,WATCH,Forward P/E <= 40; Ratio/PEG <= 1.0; EPS growth >= 25%; Revenue growth >= 15%; Revenue growth accelerating,15,—,Trailing P/E > 40; FCF yield < 2.5%; Penalty: revenue growth accelerating
ORCL,ORCL,Oracle Corporation,ORCL-USDT-SWAP,5.0,134.0475,406365143040.0,21.01058,12.18925,0.3508,0.3474700684150513,-0.11283848320495948,0.3432,0.45290002,False,True,0.0006047313394497,0.6621808166974215,0,—,FCF yield < 2.5%; Penalty: revenue growth accelerating,70,WATCH,Forward P/E <= 20; Ratio/PEG <= 1.0; EPS growth >= 25%; Penalty: negative FCF; Revenue growth >= 15%; Revenue growth accelerating,0,—,FCF yield < 2.5%; Penalty: revenue growth accelerating
TSEM,TSEM,Tower Semiconductor Ltd.,TSEM-USDT-SWAP,5.0,234.8,26539735040.0,92.80633,35.35064,0.72410005,0.4882010434883964,0.006285471642749302,0.26139998,0.37919998,False,True,0.0,0.0,15,—,Trailing P/E > 40; FCF yield < 2.5%; Penalty: revenue growth accelerating,70,WATCH,Forward P/E <= 40; Ratio/PEG <= 1.0; EPS growth >= 25%; Revenue growth >= 15%; Revenue growth accelerating,15,—,Trailing P/E > 40; FCF yield < 2.5%; Penalty: revenue growth accelerating
XIAOMI,1810.HK,XIAOMI-W,XIAOMI-USDT-SWAP,5.0,25.2,648134197248.0,17.746479,16.288439,0.3968,0.4104949344758065,-0.013393388672991806,-0.0435,0.24340001,False,True,0.0,0.0,0,—,FCF yield < 2.5%; Penalty: revenue growth accelerating,70,WATCH,Forward P/E <= 20; Ratio/PEG <= 1.0; EPS growth >= 25%; Penalty: negative FCF; Revenue growth >= 15%; Revenue growth accelerating,0,—,FCF yield < 2.5%; Penalty: revenue growth accelerating
CIEN,CIEN,Ciena Corporation,CIEN-USDT-SWAP,5.0,350.055,49640783872.0,78.48766,29.678026,0.7647,0.3881002484634497,0.012759032686372483,0.3466,0.3069,True,False,0.0,0.0,35,—,Trailing P/E > 40; FCF yield < 2.5%; Revenue growth decelerating,67,WATCH,Forward P/E <= 30; Ratio/PEG <= 1.0; EPS growth >= 25%; Revenue growth >= 15%; Penalty: revenue growth decelerating,35,—,Trailing P/E > 40; FCF yield < 2.5%; Revenue growth decelerating
LITE,LITE,Lumentum Holdings Inc.,LITE-USDT-SWAP,5.0,975.78,87527464960.0,,28.108667,0.5957,0.47185944267248614,0.002567194195589782,1.1005,0.52169997,True,False,0.0001274732920391,0.1395832547828145,20,—,FCF yield < 2.5%; Revenue growth decelerating,67,WATCH,Forward P/E <= 30; Ratio/PEG <= 1.0; EPS growth >= 25%; Revenue growth >= 15%; Penalty: revenue growth decelerating,20,—,FCF yield < 2.5%; Revenue growth decelerating
LLY,LLY,Eli Lilly and Company,LLY-USDT-SWAP,5.0,1181.675,1053294395392.0,39.733524,24.85514,0.2864,0.8678470670391061,0.010505989664818877,0.35720003,0.1538,True,False,0.0,0.0,20,—,FCF yield < 2.5%; Revenue growth decelerating,67,WATCH,Forward P/E <= 30; Ratio/PEG <= 1.0; EPS growth >= 25%; Revenue growth >= 15%; Penalty: revenue growth decelerating,20,—,FCF yield < 2.5%; Revenue growth decelerating
ADBE,ADBE,Adobe Inc.,ADBE-USDT-SWAP,5.0,232.105,92261736448.0,12.96676,8.387332,0.1304,0.6432003067484664,0.10128928563215416,0.1195,0.091800004,True,False,0.0002200653097249,0.2409715141487655,30,—,EPS growth < 20%; Revenue growth decelerating,65,WATCH,Forward P/E <= 20; Ratio/PEG <= 1.0; FCF yield >= 4%; Revenue growth >= 8%; Penalty: revenue growth decelerating,30,—,EPS growth < 20%; Revenue growth decelerating
HANMI,042700.KS,HANMISemi,HANMI-USDT-SWAP,5.0,252000.0,23902956814336.0,,50.407314,0.56380004,0.8940636825779581,0.0027687059954150874,0.2846,0.5573,False,True,0.0,0.0,25,—,Forward P/E > 40; FCF yield < 2.5%; Penalty: revenue growth accelerating,65,WATCH,Ratio/PEG <= 1.0; EPS growth >= 25%; Revenue growth >= 15%; Revenue growth accelerating,25,—,Forward P/E > 40; FCF yield < 2.5%; Penalty: revenue growth accelerating
SNOW,SNOW,Snowflake Inc.,SNOW-USDT-SWAP,5.0,328.0,115718397952.0,,108.82331,0.3621,3.005338580502624,0.015032412190164919,0.3483,0.2847,True,False,0.0,0.0,65,—,Forward P/E > 40; Ratio/PEG > 2.5; FCF yield < 2.5%; Revenue growth decelerating,25,—,EPS growth >= 25%; Revenue growth >= 15%; Penalty: revenue growth decelerating,65,—,Forward P/E > 40; Ratio/PEG > 2.5; FCF yield < 2.5%; Revenue growth decelerating
BB,BB,BlackBerry Limited,BB-USDT-SWAP,5.0,8.4699,4972104704.0,84.699,37.056046,0.1458,2.541566941015089,0.02784535086089772,0.14039999,0.099,True,False,0.0001169864810267,0.1281001967242365,65,—,Trailing P/E > 40; Ratio/PEG > 2.5; EPS growth < 20%; Revenue growth decelerating,13,—,Forward P/E <= 40; FCF yield >= 2.5%; Revenue growth >= 8%; Penalty: revenue growth decelerating,65,—,Trailing P/E > 40; Ratio/PEG > 2.5; EPS growth < 20%; Revenue growth decelerating
RKLB,RKLB,Rocket Lab Corporation,RKLB-USDT-SWAP,5.0,71.4,45653946368.0,,1567.1643,0.6811,23.00931287622963,-0.005518989091742739,0.5924,0.42180002,True,False,2.4880675358e-06,0.002724433951701,65,—,Forward P/E > 40; Ratio/PEG > 2.5; FCF yield < 2.5%; Revenue growth decelerating,10,—,EPS growth >= 25%; Penalty: negative FCF; Revenue growth >= 15%; Penalty: revenue growth decelerating,65,—,Forward P/E > 40; Ratio/PEG > 2.5; FCF yield < 2.5%; Revenue growth decelerating
USAR,USAR,"USA Rare Earth, Inc.",USAR-USDT-SWAP,5.0,14.155,5313683968.0,,471.83334,1.0526,4.482551206536197,-0.05343872795409725,43.7519,8.7013,True,False,0.0001483869093279,0.1624836657140505,65,—,Forward P/E > 40; Ratio/PEG > 2.5; FCF yield < 2.5%; Revenue growth decelerating,10,—,EPS growth >= 25%; Penalty: negative FCF; Revenue growth >= 15%; Penalty: revenue growth decelerating,65,—,Forward P/E > 40; Ratio/PEG > 2.5; FCF yield < 2.5%; Revenue growth decelerating
AAOI,AAOI,"Applied Optoelectronics, Inc.",AAOI-USDT-SWAP,5.0,100.775,8556431360.0,,21.898087,5.7676,0.037967416256328455,-0.10367056950247071,1.2787,1.5647999,False,True,0.0,0.0,0,—,FCF yield < 2.5%; Penalty: revenue growth accelerating,62,WATCH,Forward P/E <= 30; Ratio/PEG <= 1.0; EPS growth >= 25%; Penalty: negative FCF; Revenue growth >= 15%; Revenue growth accelerating,0,—,FCF yield < 2.5%; Penalty: revenue growth accelerating
ASML,ASML,ASML Holding N.V. - New York Re,ASML-USDT-SWAP,5.0,1814.845,697081921536.0,62.862656,30.839928,0.3496,0.8821489702517162,0.012104280354033319,0.31219998,0.2734,True,False,0.0,0.0,35,—,Trailing P/E > 40; FCF yield < 2.5%; Revenue growth decelerating,60,WATCH,Forward P/E <= 40; Ratio/PEG <= 1.0; EPS growth >= 25%; Revenue growth >= 15%; Penalty: revenue growth decelerating,35,—,Trailing P/E > 40; FCF yield < 2.5%; Revenue growth decelerating
CBRS,CBRS,Cerebras Systems Inc.,CBRS-USDT-SWAP,5.0,203.715,48395358208.0,,159.94206,3.7132,0.4307391468275342,,,2.3273,False,False,0.0,0.0,25,—,Forward P/E > 40,60,WATCH,Ratio/PEG <= 1.0; EPS growth >= 25%; Revenue growth >= 15%,25,—,Forward P/E > 40
GLW,GLW,Corning Incorporated,GLW-USDT-SWAP,5.0,158.91,136605048832.0,73.230415,36.411922,0.33009997,1.103057416212428,0.00537681421206697,0.1736,0.1918,False,True,0.0001138586401757,0.12467521099239151,15,—,Trailing P/E > 40; FCF yield < 2.5%; Penalty: revenue growth accelerating,60,WATCH,Forward P/E <= 40; Ratio/PEG <= 1.5; EPS growth >= 25%; Revenue growth >= 15%; Revenue growth accelerating,15,—,Trailing P/E > 40; FCF yield < 2.5%; Penalty: revenue growth accelerating
SPCX,SPCX,Space Exploration Technologies ,SPCX-USDT-SWAP,5.0,145.74,1920006094848.0,,83.60727,50.973198,0.01640220219261111,,,1.5072999,False,False,0.0003279318300249,0.3590853538772655,25,—,Forward P/E > 40,60,WATCH,Ratio/PEG <= 1.0; EPS growth >= 25%; Revenue growth >= 15%,25,—,Forward P/E > 40
UNH,UNH,UnitedHealth Group Incorporated,UNH-USDT-SWAP,5.0,374.18,335862005760.0,24.032112,16.549175,0.1381,1.1983472121650978,0.07226852238042206,-0.0011,0.0291,False,True,0.0,0.0,10,—,EPS growth < 20%; Penalty: revenue growth accelerating,60,WATCH,Forward P/E <= 20; Ratio/PEG <= 1.5; FCF yield >= 4%; Revenue growth accelerating,10,—,EPS growth < 20%; Penalty: revenue growth accelerating
ALAB,ALAB,"Astera Labs, Inc.",ALAB-USDT-SWAP,5.0,359.37,62345342976.0,176.16176,56.208824,0.5856,0.9598501366120218,0.0014742581179701295,1.2387,0.55759996,True,False,0.0,0.0,60,—,Forward P/E > 40; Trailing P/E > 40; FCF yield < 2.5%; Revenue growth decelerating,55,WATCH,Ratio/PEG <= 1.0; EPS growth >= 25%; Revenue growth >= 15%; Penalty: revenue growth decelerating,60,—,Forward P/E > 40; Trailing P/E > 40; FCF yield < 2.5%; Revenue growth decelerating
BE,BE,Bloom Energy Corporation,BE-USDT-SWAP,5.0,292.37,86108012544.0,374.8205,59.31775,0.8215,0.7220663420572123,0.00617407704919842,1.0335,0.65,True,False,0.0,0.0,60,—,Forward P/E > 40; Trailing P/E > 40; FCF yield < 2.5%; Revenue growth decelerating,55,WATCH,Ratio/PEG <= 1.0; EPS growth >= 25%; Revenue growth >= 15%; Penalty: revenue growth decelerating,60,—,Forward P/E > 40; Trailing P/E > 40; FCF yield < 2.5%; Revenue growth decelerating
ARM,ARM,Arm Holdings plc,ARM-USDT-SWAP,5.0,297.4001,317622878208.0,300.4041,97.356285,0.3741,2.602413392141139,0.004201523440405584,0.2289,0.36220002,False,True,0.0002579692780278,0.28247635944044097,60,—,Forward P/E > 40; Trailing P/E > 40; Ratio/PEG > 2.5; FCF yield < 2.5%; Penalty: revenue growth accelerating,35,—,EPS growth >= 25%; Revenue growth >= 15%; Revenue growth accelerating,60,—,Forward P/E > 40; Trailing P/E > 40; Ratio/PEG > 2.5; FCF yield < 2.5%; Penalty: revenue growth accelerating
PLTR,PLTR,Palantir Technologies Inc.,PLTR-USDT-SWAP,5.0,186.04,447064965120.0,159.00854,80.08644,0.4437,1.8049682217714673,0.004829509535421678,0.82949996,0.4972,True,False,0.0,0.0,60,—,Forward P/E > 40; Trailing P/E > 40; FCF yield < 2.5%; Revenue growth decelerating,33,—,Ratio/PEG <= 2.0; EPS growth >= 25%; Revenue growth >= 15%; Penalty: revenue growth decelerating,60,—,Forward P/E > 40; Trailing P/E > 40; FCF yield < 2.5%; Revenue growth decelerating
PANW,PANW,"Palo Alto Networks, Inc.",PANW-USDT-SWAP,5.0,379.31,310095609856.0,972.0257,77.69719,0.4025,1.9303649689440996,0.013675217452995323,0.2346,0.1449,True,False,,,60,—,Forward P/E > 40; Trailing P/E > 40; FCF yield < 2.5%; Revenue growth decelerating,28,—,Ratio/PEG <= 2.0; EPS growth >= 25%; Revenue growth >= 8%; Penalty: revenue growth decelerating,60,—,Forward P/E > 40; Trailing P/E > 40; FCF yield < 2.5%; Revenue growth decelerating
DELL,DELL,Dell Technologies Inc.,DELL-USDT-SWAP,5.0,547.23,347935801344.0,31.871286,18.79409,0.0083,22.643481927710845,0.017340484102798245,0.7044,0.1575,True,False,8.57744569927e-05,0.09392303040700649,60,—,Ratio/PEG > 2.5; EPS growth < 20%; FCF yield < 2.5%; Revenue growth decelerating,25,—,Forward P/E <= 20; Revenue growth >= 15%; Penalty: revenue growth decelerating,60,—,Ratio/PEG > 2.5; EPS growth < 20%; FCF yield < 2.5%; Revenue growth decelerating
TSLA,TSLA,"Tesla, Inc.",TSLA-USDT-SWAP,5.0,353.955,1397962047488.0,340.34134,163.64076,0.2349,6.966401021711367,0.0034593211973742884,0.12149999,0.1384,False,True,0.0002690761312253,0.2946383636917035,60,WATCH,Forward P/E > 40; Trailing P/E > 40; Ratio/PEG > 2.5; FCF yield < 2.5%; Penalty: revenue growth accelerating,22,—,EPS growth >= 15%; Revenue growth >= 8%; Revenue growth accelerating,60,WATCH,Forward P/E > 40; Trailing P/E > 40; Ratio/PEG > 2.5; FCF yield < 2.5%; Penalty: revenue growth accelerating
KO,KO,Coca-Cola Company (The),KO-USDT-SWAP,5.0,87.0,374321774592.0,26.363636,24.671192,0.0681,3.622788839941263,0.01394188184133367,0.0345,0.0025,True,False,0.0,0.0,60,—,Ratio/PEG > 2.5; EPS growth < 20%; FCF yield < 2.5%; Revenue growth decelerating,7,—,Forward P/E <= 30; Penalty: revenue growth decelerating,60,—,Ratio/PEG > 2.5; EPS growth < 20%; FCF yield < 2.5%; Revenue growth decelerating
AAPL,AAPL,Apple Inc.,AAPL-USDT-SWAP,5.0,333.06,4860883763200.0,38.15235,34.747818,0.086,4.0404439534883725,0.02216096510505425,0.14819999,0.104899995,True,False,1.66648959023e-05,0.0182480610130185,60,—,Ratio/PEG > 2.5; EPS growth < 20%; FCF yield < 2.5%; Revenue growth decelerating,5,—,Forward P/E <= 40; Revenue growth >= 8%; Penalty: revenue growth decelerating,60,—,Ratio/PEG > 2.5; EPS growth < 20%; FCF yield < 2.5%; Revenue growth decelerating
MSFT,MSFT,Microsoft Corporation,MSFT-USDT-SWAP,5.0,504.2338,3744628473856.0,28.07851,21.299736,0.1982,1.074658728557013,0.004418462412363811,0.1784,0.195,False,True,0.0,0.0,20,—,EPS growth < 20%; FCF yield < 2.5%; Penalty: revenue growth accelerating,59,WATCH,Forward P/E <= 30; Ratio/PEG <= 1.5; EPS growth >= 15%; Revenue growth >= 15%; Revenue growth accelerating,20,—,EPS growth < 20%; FCF yield < 2.5%; Penalty: revenue growth accelerating
NAVER,035420.KS,NAVER,NAVER-USDT-SWAP,5.0,194800.0,29181884760064.0,,13.323181,0.13949999,0.955066806814825,0.030917932703878624,0.1435,0.14060001,True,False,0.0,0.0,30,—,EPS growth < 20%; Revenue growth decelerating,58,WATCH,Forward P/E <= 20; Ratio/PEG <= 1.0; FCF yield >= 2.5%; Revenue growth >= 8%; Penalty: revenue growth decelerating,30,—,EPS growth < 20%; Revenue growth decelerating
NOW,NOW,"ServiceNow, Inc.",NOW-USDT-SWAP,5.0,130.635,135058554880.0,81.64687,26.09824,0.2308,1.1307729636048527,0.03812698114958536,0.2215,0.1876,True,False,0.0001804447039905,0.1975869508695975,25,—,Trailing P/E > 40; Revenue growth decelerating,57,CORE,Forward P/E <= 30; Ratio/PEG <= 1.5; EPS growth >= 15%; FCF yield >= 2.5%; Revenue growth >= 15%; Penalty: revenue growth decelerating,25,—,Trailing P/E > 40; Revenue growth decelerating
CGNX,CGNX,Cognex Corporation,CGNX-USDT-SWAP,5.0,58.895,9907543040.0,56.62981,29.171104,0.19510001,1.4951872119329979,0.019749737670581947,0.1525,0.0968,True,False,0.0,0.0,55,—,Trailing P/E > 40; EPS growth < 20%; FCF yield < 2.5%; Revenue growth decelerating,44,—,Forward P/E <= 30; Ratio/PEG <= 1.5; EPS growth >= 15%; Revenue growth >= 8%; Penalty: revenue growth decelerating,55,—,Trailing P/E > 40; EPS growth < 20%; FCF yield < 2.5%; Revenue growth decelerating
BMNR,BMNR,"BitMine Immersion Technologies,",BMNR-USDT-SWAP,5.0,27.065,16326322176.0,,28.792553,1.0318,0.27905168637332817,-0.03173379885652454,18.6473,4.2175,True,False,0.0002443732860592,0.26758874823482404,20,—,FCF yield < 2.5%; Revenue growth decelerating,52,—,Forward P/E <= 30; Ratio/PEG <= 1.0; EPS growth >= 25%; Penalty: negative FCF; Revenue growth >= 15%; Penalty: revenue growth decelerating,20,—,FCF yield < 2.5%; Revenue growth decelerating
COHR,COHR,Coherent Corp.,COHR-USDT-SWAP,5.0,294.365,57646153728.0,71.447815,21.093405,0.482,0.437622510373444,-0.011275368605976737,0.4917,0.382,True,False,0.0004090200816445,0.4478769894007275,35,—,Trailing P/E > 40; FCF yield < 2.5%; Revenue growth decelerating,52,—,Forward P/E <= 30; Ratio/PEG <= 1.0; EPS growth >= 25%; Penalty: negative FCF; Revenue growth >= 15%; Penalty: revenue growth decelerating,35,—,Trailing P/E > 40; FCF yield < 2.5%; Revenue growth decelerating
SMCI,SMCI,"Super Micro Computer, Inc.",SMCI-USDT-SWAP,5.0,41.945,27133089792.0,13.315872,7.875634,0.22780001,0.3457257969391661,-0.3040119623395083,0.71849996,0.1733,True,False,0.0,0.0,20,—,FCF yield < 2.5%; Revenue growth decelerating,52,—,Forward P/E <= 20; Ratio/PEG <= 1.0; EPS growth >= 15%; Penalty: negative FCF; Revenue growth >= 15%; Penalty: revenue growth decelerating,20,—,FCF yield < 2.5%; Revenue growth decelerating
GPRO,GPRO,"GoPro, Inc.",GPRO-USDT-SWAP,5.0,1.355,279612896.0,,-135.5,0.9861,-1.3740999898590407,0.21142578488225378,-0.1664,0.3548,False,True,0.0,0.0,0,—,Penalty: revenue growth accelerating,50,—,EPS growth >= 25%; FCF yield >= 4%; Revenue growth >= 15%; Revenue growth accelerating,0,—,Penalty: revenue growth accelerating
MSTR,MSTR,Strategy Inc,MSTR-USDT-SWAP,5.0,155.96,62189178880.0,,3.1513438,1.5597999,0.020203513283979565,-0.3632066458954989,0.0513,0.0222,True,False,0.0002607647146098,0.285537362497731,20,—,FCF yield < 2.5%; Revenue growth decelerating,50,—,Forward P/E <= 20; Ratio/PEG <= 1.0; EPS growth >= 25%; Penalty: negative FCF; Penalty: revenue growth decelerating,20,—,FCF yield < 2.5%; Revenue growth decelerating
TER,TER,"Teradyne, Inc.",TER-USDT-SWAP,5.0,409.21,63976198144.0,56.133057,35.117878,0.28170002,1.2466409480553107,0.006836624568023347,0.6119,0.2182,True,False,0.0,0.0,35,—,Trailing P/E > 40; FCF yield < 2.5%; Revenue growth decelerating,50,—,Forward P/E <= 40; Ratio/PEG <= 1.5; EPS growth >= 25%; Revenue growth >= 15%; Penalty: revenue growth decelerating,35,—,Trailing P/E > 40; FCF yield < 2.5%; Revenue growth decelerating
NFLX,NFLX,"Netflix, Inc.",NFLX-USDT-SWAP,5.0,70.7525,294609158144.0,22.249214,18.55453,0.0629,2.949845786963434,0.08617367134117057,0.1336,0.1126,True,False,6.89161598505e-05,0.0754631950362975,50,—,Ratio/PEG > 2.5; EPS growth < 20%; Revenue growth decelerating,35,—,Forward P/E <= 20; FCF yield >= 4%; Revenue growth >= 8%; Penalty: revenue growth decelerating,50,—,Ratio/PEG > 2.5; EPS growth < 20%; Revenue growth decelerating
ZM,ZM,"Zoom Communications, Inc.",ZM-USDT-SWAP,5.0,87.26,25461047296.0,8.326337,13.759153,0.033299997,4.131878150019053,0.07759022231227546,0.046,0.0419,True,False,0.0,0.0,50,—,Ratio/PEG > 2.5; EPS growth < 20%; Revenue growth decelerating,30,—,Forward P/E <= 20; FCF yield >= 4%; Penalty: revenue growth decelerating,50,—,Ratio/PEG > 2.5; EPS growth < 20%; Revenue growth decelerating
WEN,WEN,Wendy's Company (The),WEN-USDT-SWAP,5.0,6.495,1238401152.0,9.840908,12.530385,0.0347,3.6110619596541786,0.1399705933090088,0.0088,-0.0047999998,True,False,0.0,0.0,50,—,Ratio/PEG > 2.5; EPS growth < 20%; Revenue growth decelerating,20,—,Forward P/E <= 20; FCF yield >= 4%; Penalty: revenue shrinking; Penalty: revenue growth decelerating,50,—,Ratio/PEG > 2.5; EPS growth < 20%; Revenue growth decelerating
KLAC,KLAC,KLA Corporation,KLAC-USDT-SWAP,5.0,196.255,256114049024.0,53.768494,29.268246,0.2293,1.2764171827300481,0.010247729595474297,0.3339,0.1823,True,False,0.0,0.0,35,—,Trailing P/E > 40; FCF yield < 2.5%; Revenue growth decelerating,49,—,Forward P/E <= 30; Ratio/PEG <= 1.5; EPS growth >= 15%; Revenue growth >= 15%; Penalty: revenue growth decelerating,35,—,Trailing P/E > 40; FCF yield < 2.5%; Revenue growth decelerating
LRCX,LRCX,Lam Research Corporation,LRCX-USDT-SWAP,5.0,324.83,406500179968.0,56.492172,27.669737,0.2399,1.1533862859524802,0.007602664481583465,0.4988,0.184,True,False,0.0,0.0,35,—,Trailing P/E > 40; FCF yield < 2.5%; Revenue growth decelerating,49,—,Forward P/E <= 30; Ratio/PEG <= 1.5; EPS growth >= 15%; Revenue growth >= 15%; Penalty: revenue growth decelerating,35,—,Trailing P/E > 40; FCF yield < 2.5%; Revenue growth decelerating
INTC,INTC,Intel Corporation,INTC-USDT-SWAP,5.0,116.5901,616307556352.0,,56.54005,0.35639998,1.5864212450292507,0.007896017366401721,0.1934,0.1416,True,False,0.000205153392887,0.224642965211265,45,—,Forward P/E > 40; FCF yield < 2.5%; Revenue growth decelerating,28,—,Ratio/PEG <= 2.0; EPS growth >= 25%; Revenue growth >= 8%; Penalty: revenue growth decelerating,45,—,Forward P/E > 40; FCF yield < 2.5%; Revenue growth decelerating
ROK,ROK,"Rockwell Automation, Inc.",ROK-USDT-SWAP,5.0,430.87,47847542784.0,40.305893,28.95762,0.1247,2.322182838813151,0.027250614517157812,0.0855,0.056500003,True,False,0.0,0.0,45,—,Trailing P/E > 40; EPS growth < 20%; Revenue growth decelerating,15,—,Forward P/E <= 30; FCF yield >= 2.5%; Penalty: revenue growth decelerating,45,—,Trailing P/E > 40; EPS growth < 20%; Revenue growth decelerating
CRCL,CRCL,"Circle Internet Group, Inc.",CRCL-USDT-SWAP,5.0,85.08,23192307712.0,17.050102,55.66934,0.3086,1.8039319507453013,0.00889214555795559,0.0956,0.24110001,False,True,0.0004106239189651,0.4496331912667846,25,—,Forward P/E > 40; FCF yield < 2.5%; Penalty: revenue growth accelerating,43,—,Ratio/PEG <= 2.0; EPS growth >= 25%; Revenue growth >= 15%; Revenue growth accelerating,25,—,Forward P/E > 40; FCF yield < 2.5%; Penalty: revenue growth accelerating
GME,GME,GameStop Corporation,GME-USDT-SWAP,5.0,23.87,12042438656.0,15.703948,12.833334,0.033299997,3.853854401248145,0.007095738864937092,0.0749,0.1101,False,True,0.0,0.0,40,—,Ratio/PEG > 2.5; EPS growth < 20%; FCF yield < 2.5%; Penalty: revenue growth accelerating,30,—,Forward P/E <= 20; Revenue growth >= 8%; Revenue growth accelerating,40,—,Ratio/PEG > 2.5; EPS growth < 20%; FCF yield < 2.5%; Penalty: revenue growth accelerating
META,META,"Meta Platforms, Inc.",META-USDT-SWAP,5.0,721.66,1838305902592.0,28.567299,20.637146,0.090299994,2.285398379982174,0.011724721689469376,0.2647,0.2056,True,False,2.5378894563e-05,0.027789889546485,40,—,EPS growth < 20%; FCF yield < 2.5%; Revenue growth decelerating,17,—,Forward P/E <= 30; Revenue growth >= 15%; Penalty: revenue growth decelerating,40,—,EPS growth < 20%; FCF yield < 2.5%; Revenue growth decelerating
GOOGL,GOOGL,Alphabet Inc.,GOOGL-USDT-SWAP,5.0,339.93,4157321773056.0,17.07333,22.55443,-0.2761,,0.0054518274498005035,0.2377,0.2332,True,False,0.000204705159744,0.22415214991967997,40,—,EPS growth < 20%; FCF yield < 2.5%; Revenue growth decelerating,2,—,Forward P/E <= 30; Penalty: EPS shrinking; Revenue growth >= 15%; Penalty: revenue growth decelerating,40,—,EPS growth < 20%; FCF yield < 2.5%; Revenue growth decelerating
AMZN,AMZN,"Amazon.com, Inc.",AMZN-USDT-SWAP,5.0,245.68,2649981452288.0,19.765083,23.453936,-0.18450001,,0.00121477265028425,0.15560001,0.1445,True,False,0.0001386237663411,0.15179302414350448,40,—,EPS growth < 20%; FCF yield < 2.5%; Revenue growth decelerating,0,—,Forward P/E <= 30; Penalty: EPS shrinking; Revenue growth >= 8%; Penalty: revenue growth decelerating,40,—,EPS growth < 20%; FCF yield < 2.5%; Revenue growth decelerating
CRWV,CRWV,"CoreWeave, Inc.",CRWV-USDT-SWAP,5.0,86.77,47856828416.0,,-47.614864,0.14840001,-3.208548570852522,-0.1899126148727691,1.5086,1.04,True,False,0.0,0.0,40,—,EPS growth < 20%; FCF yield < 2.5%; Revenue growth decelerating,0,—,Penalty: negative FCF; Revenue growth >= 15%; Penalty: revenue growth decelerating,40,—,EPS growth < 20%; FCF yield < 2.5%; Revenue growth decelerating
IREN,IREN,IREN LIMITED,IREN-USDT-SWAP,5.0,41.65,16412544000.0,,-10.457888,-0.16409999,,-0.25707759138376113,2.9729002,1.5885,True,False,0.0,0.0,40,—,EPS growth < 20%; FCF yield < 2.5%; Revenue growth decelerating,0,—,Penalty: EPS shrinking; Penalty: negative FCF; Revenue growth >= 15%; Penalty: revenue growth decelerating,40,—,EPS growth < 20%; FCF yield < 2.5%; Revenue growth decelerating
NBIS,NBIS,Nebius Group N.V.,NBIS-USDT-SWAP,5.0,239.5,60808617984.0,,-68.53411,-1.2349,,-0.1581132853657324,5.295,2.7004,True,False,0.0,0.0,40,—,EPS growth < 20%; FCF yield < 2.5%; Revenue growth decelerating,0,—,Penalty: EPS shrinking; Penalty: negative FCF; Revenue growth >= 15%; Penalty: revenue growth decelerating,40,—,EPS growth < 20%; FCF yield < 2.5%; Revenue growth decelerating
SOFTBANK,9984.T,SOFTBANK GROUP CORP,SOFTBANK-USDT-SWAP,5.0,6035.0,34393003393024.0,6.918571,20.437536,-0.39720002,,-0.06353917032960399,3.1319,0.0717,True,False,0.0,0.0,40,—,EPS growth < 20%; FCF yield < 2.5%; Revenue growth decelerating,0,—,Forward P/E <= 30; Penalty: EPS shrinking; Penalty: negative FCF; Penalty: revenue growth decelerating,40,—,EPS growth < 20%; FCF yield < 2.5%; Revenue growth decelerating
FLNC,FLNC,"Fluence Energy, Inc.",FLNC-USDT-SWAP,5.0,7.745,1507663232.0,,-29.079372,0.7014,-0.41459041916167666,0.001604386807782814,0.0622,0.36049998,False,True,0.0,0.0,0,—,FCF yield < 2.5%; Penalty: revenue growth accelerating,35,—,EPS growth >= 25%; Revenue growth >= 15%; Revenue growth accelerating,0,—,FCF yield < 2.5%; Penalty: revenue growth accelerating
KIOXIA,285A.T,KIOXIA HOLDINGS CORPORATION,KIOXIA-USDT-SWAP,5.0,17880.0,28563568852992.0,17.704723,,0.36810002,,0.030024854772381347,100.5819,0.2999,True,False,0.0,0.0,10,—,Revenue growth decelerating,33,—,EPS growth >= 25%; FCF yield >= 2.5%; Revenue growth >= 15%; Penalty: revenue growth decelerating,10,—,Revenue growth decelerating
IBM,IBM,International Business Machines,IBM-USDT-SWAP,5.0,221.8,209167974400.0,19.734667,16.886185,0.068,2.4832625,0.05760800643867592,0.0422,0.038599998,True,False,0.0,0.0,30,—,EPS growth < 20%; Revenue growth decelerating,30,—,Forward P/E <= 20; FCF yield >= 4%; Penalty: revenue growth decelerating,30,—,EPS growth < 20%; Revenue growth decelerating
CSCO,CSCO,"Cisco Systems, Inc.",CSCO-USDT-SWAP,5.0,106.51,419924934656.0,31.984987,18.94562,0.0923,2.052613217768148,0.026630056577042132,0.1554,0.066,True,False,0.0,0.0,30,—,EPS growth < 20%; Revenue growth decelerating,23,—,Forward P/E <= 20; FCF yield >= 2.5%; Penalty: revenue growth decelerating,30,—,EPS growth < 20%; Revenue growth decelerating
CRM,CRM,"Salesforce, Inc.",CRM-USDT-SWAP,5.0,226.69,186565869568.0,20.740164,14.162159,-0.044699997,,0.09504350853164513,0.1148,0.0971,True,False,0.0,0.0,30,—,EPS growth < 20%; Revenue growth decelerating,20,—,Forward P/E <= 20; Penalty: EPS shrinking; FCF yield >= 4%; Revenue growth >= 8%; Penalty: revenue growth decelerating,30,—,EPS growth < 20%; Revenue growth decelerating
JNJ,JNJ,Johnson & Johnson,JNJ-USDT-SWAP,5.0,268.175,646274482176.0,31.110788,22.093838,0.096099995,2.299046737723556,0.026126863408172864,0.0746,0.074099995,True,False,0.0,0.0,30,—,EPS growth < 20%; Revenue growth decelerating,15,—,Forward P/E <= 30; FCF yield >= 2.5%; Penalty: revenue growth decelerating,30,—,EPS growth < 20%; Revenue growth decelerating
GEV,GEV,GE Vernova Inc.,GEV-USDT-SWAP,5.0,962.185,256262176768.0,27.832949,38.294746,-0.1927,,0.06135171998571447,0.2158,0.13949999,True,False,0.0,0.0,30,—,EPS growth < 20%; Revenue growth decelerating,5,—,Forward P/E <= 40; Penalty: EPS shrinking; FCF yield >= 4%; Revenue growth >= 8%; Penalty: revenue growth decelerating,30,—,EPS growth < 20%; Revenue growth decelerating
XOM,XOM,ExxonMobil Holdings Corporation,XOM-USDT-SWAP,5.0,161.09,662387884032.0,20.468868,14.470426,-0.0739,,0.03120679148020374,0.2488,-0.0121,True,False,0.0,0.0,30,—,EPS growth < 20%; Revenue growth decelerating,0,—,Forward P/E <= 20; Penalty: EPS shrinking; FCF yield >= 2.5%; Penalty: revenue shrinking; Penalty: revenue growth decelerating,30,—,EPS growth < 20%; Revenue growth decelerating
QCOM,QCOM,QUALCOMM Incorporated,QCOM-USDT-SWAP,5.0,188.4,201313386496.0,21.516552,18.47166,-0.026700001,,0.05087093623654026,-0.0286,0.0475,False,True,0.0004663290188917,0.5106302756864115,10,—,EPS growth < 20%; Penalty: revenue growth accelerating,25,—,Forward P/E <= 20; Penalty: EPS shrinking; FCF yield >= 4%; Revenue growth accelerating,10,—,EPS growth < 20%; Penalty: revenue growth accelerating
APLD,APLD,Applied Digital Corporation,APLD-USDT-SWAP,5.0,24.72,7395486720.0,,-51.12614,0.5556,-0.9201969042476602,-0.6708738596720785,0.35779998,1.3111999,False,True,0.0,0.0,0,—,FCF yield < 2.5%; Penalty: revenue growth accelerating,20,—,EPS growth >= 25%; Penalty: negative FCF; Revenue growth >= 15%; Revenue growth accelerating,0,—,FCF yield < 2.5%; Penalty: revenue growth accelerating
ASTS,ASTS,"AST SpaceMobile, Inc.",ASTS-USDT-SWAP,5.0,61.38,23887099904.0,,-47.61166,0.5177,-0.9196766467065868,-0.07533660424381,1.3808,2.8543,False,True,0.0001065500783451,0.1166723357878845,0,—,FCF yield < 2.5%; Penalty: revenue growth accelerating,20,—,EPS growth >= 25%; Penalty: negative FCF; Revenue growth >= 15%; Revenue growth accelerating,0,—,FCF yield < 2.5%; Penalty: revenue growth accelerating
LUNR,LUNR,"Intuitive Machines, Inc.",LUNR-USDT-SWAP,5.0,14.875,2384321280.0,,-95.870964,0.7019,-1.3658778173528994,-0.03355079396011598,3.3676999,0.282,True,False,0.0,0.0,20,—,FCF yield < 2.5%; Revenue growth decelerating,10,—,EPS growth >= 25%; Penalty: negative FCF; Revenue growth >= 15%; Penalty: revenue growth decelerating,20,—,FCF yield < 2.5%; Revenue growth decelerating
ONDS,ONDS,Ondas Inc,ONDS-USDT-SWAP,5.0,7.535,4387651072.0,,-376.75,0.90480006,-4.16390334898961,-0.015750834983443276,9.5742,0.8768,True,False,0.0,0.0,20,—,FCF yield < 2.5%; Revenue growth decelerating,10,—,EPS growth >= 25%; Penalty: negative FCF; Revenue growth >= 15%; Penalty: revenue growth decelerating,20,—,FCF yield < 2.5%; Revenue growth decelerating
RDW,RDW,Redwire Corporation,RDW-USDT-SWAP,5.0,11.06,2764918272.0,,-32.52941,0.2714,-1.1985781134856301,-0.009388478590082535,0.41709998,0.1865,True,False,0.0,0.0,20,—,FCF yield < 2.5%; Revenue growth decelerating,10,—,EPS growth >= 25%; Penalty: negative FCF; Revenue growth >= 15%; Penalty: revenue growth decelerating,20,—,FCF yield < 2.5%; Revenue growth decelerating
RIVN,RIVN,"Rivian Automotive, Inc.",RIVN-USDT-SWAP,5.0,14.81,21442816000.0,,-8.496065,0.1114,-0.7626629263913823,-0.07178977686512816,0.38169998,0.5826,False,True,0.0,0.0,20,—,EPS growth < 20%; FCF yield < 2.5%; Penalty: revenue growth accelerating,0,—,Penalty: negative FCF; Revenue growth >= 15%; Revenue growth accelerating,20,—,EPS growth < 20%; FCF yield < 2.5%; Penalty: revenue growth accelerating
SHAZ,SHAZ,"SharonAI Holdings, Inc.",SHAZ-USDT-SWAP,5.0,53.93,1930882944.0,,-6.7964716,0.5156,-0.13181674941815363,-0.1191630019390756,,11.9512,False,False,0.0,0.0,10,—,FCF yield < 2.5%,15,—,EPS growth >= 25%; Penalty: negative FCF; Revenue growth >= 15%,10,—,FCF yield < 2.5%
AMC,AMC,"AMC Entertainment Holdings, Inc",AMC-USDT-SWAP,5.0,3.26,2909891072.0,,-40.75,,,0.04900527080623312,0.1487,0.041100003,True,False,0.0,0.0,10,—,Revenue growth decelerating,10,—,FCF yield >= 4%; Penalty: revenue growth decelerating,10,—,Revenue growth decelerating
BOT,BOT,"RoboStrategy, Inc.",BOT-USDT-SWAP,5.0,26.93,655778624.0,,,,,,,,False,False,0.0010008563662651,1.0959377210602843,0,—,,0,—,,0,—,
